No,; Time ;Source;Destination;Protocol;Length;Info;;;;;;;;;;;time 1;time2;delay;;delay 1;delay 2;jitter
9; 15,076,678 ;192,168,100,56;203,205,219,54;TCP;55;52334  >  80 [ACK] Seq=1 Ack=1 Win=64032 Len=1;;;;;;;;;;; 15,076,678 ; 15,112,110 ; 35,432 ;;-7,512,021 ; 35,432 ; 7,547,453 
10; 15,112,110 ;203,205,219,54;192,168,100,56;TCP;54;80  >  52334 [ACK] Seq=1 Ack=2 Win=4944 Len=0;;;;;;;;;;; 15,112,110 ; 22,659,563 ; 7,547,453 ;; 7,547,119 ; 7,547,453 ; 334 
13; 22,659,563 ;192,168,100,56;115,146,117,93;TCP;54;52417  >  443 [FIN, ACK] Seq=1 Ack=1 Win=509 Len=0;;;;;;;;;;; 22,659,563 ; 22,659,897 ; 334 ;;-63,764 ; 334 ; 64,098 
14; 22,659,897 ;192,168,100,56;40,81,30,101;TCP;54;52416  >  443 [FIN, ACK] Seq=1 Ack=1 Win=507 Len=0;;;;;;;;;;; 22,659,897 ; 22,723,995 ; 64,098 ;; 64,098 ; 64,098 ; - 
15; 22,723,995 ;115,146,117,93;192,168,100,56;TLSv1,2;85;Encrypted Alert;;;;;;;;;;; 22,723,995 ; 22,723,995 ; - ;; - ; - ; - 
16; 22,723,995 ;115,146,117,93;192,168,100,56;TCP;54;443  >  52417 [FIN, ACK] Seq=32 Ack=2 Win=270 Len=0;;;;;;;;;;; 22,723,995 ; 22,723,995 ; - ;;-45 ; - ; 45 
17; 22,723,995 ;40,81,30,101;192,168,100,56;TCP;54;443  >  52416 [FIN, ACK] Seq=1 Ack=2 Win=2048 Len=0;;;;;;;;;;; 22,723,995 ; 22,724,040 ; 45 ;;-29 ; 45 ; 74 
18; 22,724,040 ;192,168,100,56;115,146,117,93;TCP;54;52417  >  443 [RST, ACK] Seq=2 Ack=32 Win=0 Len=0;;;;;;;;;;; 22,724,040 ; 22,724,114 ; 74 ;;-3,389,394 ; 74 ; 3,389,468 
19; 22,724,114 ;192,168,100,56;40,81,30,101;TCP;54;52416  >  443 [ACK] Seq=2 Ack=2 Win=507 Len=0;;;;;;;;;;; 22,724,114 ; 26,113,582 ; 3,389,468 ;; 3,389,468 ; 3,389,468 ; - 
20; 26,113,582 ;117,18,232,200;192,168,100,56;TLSv1,2;118;Application Data;;;;;;;;;;; 26,113,582 ; 26,113,582 ; - ;; - ; - ; - 
21; 26,113,582 ;117,18,232,200;192,168,100,56;TLSv1,2;85;Encrypted Alert;;;;;;;;;;; 26,113,582 ; 26,113,582 ; - ;;-56 ; - ; 56 
22; 26,113,582 ;117,18,232,200;192,168,100,56;TCP;54;443  >  52409 [FIN, ACK] Seq=96 Ack=1 Win=133 Len=0;;;;;;;;;;; 26,113,582 ; 26,113,638 ; 56 ;;-23,025,325 ; 56 ; 23,025,381 
23; 26,113,638 ;192,168,100,56;117,18,232,200;TCP;54;52409  >  443 [ACK] Seq=1 Ack=97 Win=1019 Len=0;;;;;;;;;;; 26,113,638 ; 49,139,019 ; 23,025,381 ;; 22,024,731 ; 23,025,381 ; 1,000,650 
26; 49,139,019 ;192,168,100,56;58,251,106,185;TCP;66;52426  >  443 [SYN] Seq=0 Win=65535 Len=0 MSS=1460 WS=2 SACK_PERM=1;;;;;;;;;;; 49,139,019 ; 50,139,669 ; 1,000,650 ;;-846,452 ; 1,000,650 ; 1,847,102 
27; 50,139,669 ;192,168,100,56;58,251,106,185;TCP;66;[TCP Retransmission] 52426  >  443 [SYN] Seq=0 Win=65535 Len=0 MSS=1460 WS=2 SACK_PERM=1;;;;;;;;;;; 50,139,669 ; 51,986,771 ; 1,847,102 ;; 1,847,076 ; 1,847,102 ; 26 
28; 51,986,771 ;117,18,232,200;192,168,100,56;TCP;54;443  >  52424 [ACK] Seq=1 Ack=1 Win=133 Len=0;;;;;;;;;;; 51,986,771 ; 51,986,797 ; 26 ;;-153,323 ; 26 ; 153,349 
29; 51,986,797 ;192,168,100,56;117,18,232,200;TCP;54;[TCP ACKed unseen segment] 52424  >  443 [ACK] Seq=1 Ack=2 Win=1024 Len=0;;;;;;;;;;; 51,986,797 ; 52,140,146 ; 153,349 ;;-996,707 ; 153,349 ; 1,150,056 
30; 52,140,146 ;192,168,100,56;58,251,106,185;TCP;66;[TCP Retransmission] 52426  >  443 [SYN] Seq=0 Win=65535 Len=0 MSS=1460 WS=2 SACK_PERM=1;;;;;;;;;;; 52,140,146 ; 53,290,202 ; 1,150,056 ;; 1,138,297 ; 1,150,056 ; 11,759 
31; 53,290,202 ;192,168,100,56;203,205,219,54;TCP;54;52334  >  80 [FIN, ACK] Seq=2 Ack=1 Win=64032 Len=0;;;;;;;;;;; 53,290,202 ; 53,301,961 ; 11,759 ;;;;
33; 53,301,961 ;203,205,219,54;192,168,100,56;TCP;54;80  >  52334 [ACK] Seq=1 Ack=3 Win=4944 Len=0;;;;;;;;;;;;total delay; 38,225,283 ;;;total jitter; 38,189,851 
38; 53,323,065 ;192,168,100,56;203,205,219,54;TCP;66;52427  >  80 [SYN] Seq=0 Win=64240 Len=0 MSS=1460 WS=256 SACK_PERM=1;;;;;;;;;;;;rata-rata delay; 49,643 ;;;rata-rata jitter; 49,597 
39; 53,340,301 ;203,205,219,54;192,168,100,56;TCP;62;80  >  52427 [SYN, ACK] Seq=0 Ack=1 Win=4236 Len=0 MSS=1412 SACK_PERM=1;;;;;;;;;;;;;;;;;
40; 53,340,366 ;192,168,100,56;203,205,219,54;TCP;54;52427  >  80 [ACK] Seq=1 Ack=1 Win=64240 Len=0;;;;;;;;;;;;;;;;;
41; 53,340,642 ;192,168,100,56;203,205,219,54;TCP;374;52427  >  80 [PSH, ACK] Seq=1 Ack=1 Win=64240 Len=320 [TCP segment of a reassembled PDU];;;;;;;;;;;;;;;;;
42; 53,340,701 ;192,168,100,56;203,205,219,54;HTTP;1379;POST / HTTP/1,1  (application/x-www-form-urlencoded);;;;;;;;;;;;;;;;;
43; 53,357,671 ;203,205,219,54;192,168,100,56;TCP;54;80  >  52427 [ACK] Seq=1 Ack=321 Win=4556 Len=0;;;;;;;;;;;;;;;;;
44; 53,357,671 ;203,205,219,54;192,168,100,56;TCP;60;80  >  52427 [ACK] Seq=1 Ack=1646 Win=5881 Len=0;;;;;;;;;;;;;;;;;
46; 53,443,625 ;192,168,100,56;58,251,106,185;TCP;66;52428  >  443 [SYN] Seq=0 Win=65535 Len=0 MSS=1460 WS=2 SACK_PERM=1;;;;;;;;;;;;;;;;;
47; 53,465,117 ;203,205,219,54;192,168,100,56;HTTP;262;HTTP/1,1 200 OK  (application/multipart-formdata);;;;;;;;;;;;;;;;;
48; 53,505,411 ;192,168,100,56;203,205,219,54;TCP;54;52427  >  80 [ACK] Seq=1646 Ack=209 Win=64032 Len=0;;;;;;;;;;;;;;;;;
49; 53,835,557 ;58,251,106,185;192,168,100,56;TCP;66;443  >  52428 [SYN, ACK] Seq=0 Ack=1 Win=13600 Len=0 MSS=1360 SACK_PERM=1 WS=1024;;;;;;;;;;;;;;;;;
50; 53,835,620 ;192,168,100,56;58,251,106,185;TCP;54;52428  >  443 [ACK] Seq=1 Ack=1 Win=65536 Len=0;;;;;;;;;;;;;;;;;
51; 53,835,793 ;192,168,100,56;58,251,106,185;TCP;408;52428  >  443 [PSH, ACK] Seq=1 Ack=1 Win=65536 Len=354 [TCP segment of a reassembled PDU];;;;;;;;;;;;;;;;;
58; 53,916,313 ;192,168,100,56;203,205,253,140;TCP;66;52429  >  80 [SYN] Seq=0 Win=64240 Len=0 MSS=1460 WS=256 SACK_PERM=1;;;;;;;;;;;;;;;;;
59; 53,927,807 ;203,205,253,140;192,168,100,56;TCP;62;80  >  52429 [SYN, ACK] Seq=0 Ack=1 Win=4236 Len=0 MSS=1412 SACK_PERM=1;;;;;;;;;;;;;;;;;
60; 53,927,873 ;192,168,100,56;203,205,253,140;TCP;54;52429  >  80 [ACK] Seq=1 Ack=1 Win=64240 Len=0;;;;;;;;;;;;;;;;;
61; 53,938,522 ;192,168,100,56;203,205,253,140;HTTP;168;GET /downloads/xml/ConfigFileInfo,xml HTTP/1,1 ;;;;;;;;;;;;;;;;;
62; 53,949,842 ;203,205,253,140;192,168,100,56;TCP;54;80  >  52429 [ACK] Seq=1 Ack=115 Win=4350 Len=0;;;;;;;;;;;;;;;;;
66; 54,135,074 ;203,205,253,140;192,168,100,56;HTTP/XML;1399;HTTP/1,1 200 OK ;;;;;;;;;;;;;;;;;
67; 54,142,974 ;192,168,100,56;203,205,253,140;TCP;54;52429  >  80 [FIN, ACK] Seq=115 Ack=1346 Win=64952 Len=0;;;;;;;;;;;;;;;;;
68; 54,154,177 ;203,205,253,140;192,168,100,56;TCP;60;80  >  52429 [ACK] Seq=1346 Ack=116 Win=4350 Len=0;;;;;;;;;;;;;;;;;
71; 54,340,851 ;203,205,253,140;192,168,100,56;TCP;54;80  >  52429 [FIN, ACK] Seq=1346 Ack=116 Win=4350 Len=0;;;;;;;;;;;;;;;;;
73; 54,340,851 ;58,251,106,185;192,168,100,56;TCP;54;443  >  52428 [ACK] Seq=1 Ack=355 Win=15360 Len=0;;;;;;;;;;;;;;;;;
74; 54,340,851 ;58,251,106,185;192,168,100,56;TCP;74;443  >  52428 [PSH, ACK] Seq=1 Ack=355 Win=15360 Len=20 [TCP segment of a reassembled PDU];;;;;;;;;;;;;;;;;
76; 54,340,903 ;192,168,100,56;203,205,253,140;TCP;54;52429  >  80 [ACK] Seq=116 Ack=1347 Win=64952 Len=0;;;;;;;;;;;;;;;;;
77; 54,341,098 ;192,168,100,56;58,251,106,185;TCP;432;52428  >  443 [PSH, ACK] Seq=355 Ack=21 Win=65516 Len=378 [TCP segment of a reassembled PDU];;;;;;;;;;;;;;;;;
78; 54,341,352 ;192,168,100,56;203,205,235,218;TCP;66;52430  >  8081 [SYN] Seq=0 Win=65535 Len=0 MSS=1460 WS=2 SACK_PERM=1;;;;;;;;;;;;;;;;;
79; 54,341,355 ;192,168,100,56;203,205,235,218;TCP;66;52431  >  8081 [SYN] Seq=0 Win=65535 Len=0 MSS=1460 WS=2 SACK_PERM=1;;;;;;;;;;;;;;;;;
80; 54,341,359 ;192,168,100,56;203,205,235,218;TCP;66;52432  >  8081 [SYN] Seq=0 Win=65535 Len=0 MSS=1460 WS=2 SACK_PERM=1;;;;;;;;;;;;;;;;;
81; 54,442,036 ;203,205,235,218;192,168,100,56;TCP;66;8081  >  52431 [SYN, ACK] Seq=0 Ack=1 Win=13600 Len=0 MSS=1360 SACK_PERM=1 WS=1024;;;;;;;;;;;;;;;;;
82; 54,442,036 ;203,205,235,218;192,168,100,56;TCP;66;8081  >  52430 [SYN, ACK] Seq=0 Ack=1 Win=13600 Len=0 MSS=1360 SACK_PERM=1 WS=1024;;;;;;;;;;;;;;;;;
83; 54,442,036 ;203,205,235,218;192,168,100,56;TCP;66;8081  >  52432 [SYN, ACK] Seq=0 Ack=1 Win=13600 Len=0 MSS=1360 SACK_PERM=1 WS=1024;;;;;;;;;;;;;;;;;
84; 54,442,135 ;192,168,100,56;203,205,235,218;TCP;54;52431  >  8081 [ACK] Seq=1 Ack=1 Win=65536 Len=0;;;;;;;;;;;;;;;;;
85; 54,442,157 ;192,168,100,56;203,205,235,218;TCP;1041;52430  >  8081 [PSH, ACK] Seq=1 Ack=1 Win=65536 Len=987;;;;;;;;;;;;;;;;;
86; 54,442,171 ;192,168,100,56;203,205,235,218;TCP;1025;52432  >  8081 [PSH, ACK] Seq=1 Ack=1 Win=65536 Len=971;;;;;;;;;;;;;;;;;
87; 54,442,186 ;192,168,100,56;203,205,235,218;TCP;54;52430  >  8081 [FIN, ACK] Seq=988 Ack=1 Win=65536 Len=0;;;;;;;;;;;;;;;;;
88; 54,442,203 ;192,168,100,56;203,205,235,218;TCP;54;52432  >  8081 [FIN, ACK] Seq=972 Ack=1 Win=65536 Len=0;;;;;;;;;;;;;;;;;
89; 54,442,281 ;192,168,100,56;203,205,235,218;TCP;1153;52431  >  8081 [PSH, ACK] Seq=1 Ack=1 Win=65536 Len=1099;;;;;;;;;;;;;;;;;
90; 54,442,417 ;192,168,100,56;203,205,235,218;TCP;54;52431  >  8081 [FIN, ACK] Seq=1100 Ack=1 Win=65536 Len=0;;;;;;;;;;;;;;;;;
93; 54,595,664 ;203,205,235,218;192,168,100,56;TCP;54;8081  >  52431 [ACK] Seq=1 Ack=1100 Win=16384 Len=0;;;;;;;;;;;;;;;;;
94; 54,595,664 ;203,205,235,218;192,168,100,56;TCP;54;8081  >  52431 [FIN, ACK] Seq=1 Ack=1101 Win=16384 Len=0;;;;;;;;;;;;;;;;;
95; 54,595,714 ;192,168,100,56;203,205,235,218;TCP;54;52431  >  8081 [ACK] Seq=1101 Ack=2 Win=65536 Len=0;;;;;;;;;;;;;;;;;
96; 54,595,856 ;203,205,235,218;192,168,100,56;TCP;54;8081  >  52432 [ACK] Seq=1 Ack=972 Win=16384 Len=0;;;;;;;;;;;;;;;;;
97; 54,595,856 ;203,205,235,218;192,168,100,56;TCP;54;8081  >  52430 [ACK] Seq=1 Ack=988 Win=16384 Len=0;;;;;;;;;;;;;;;;;
98; 54,595,856 ;203,205,235,218;192,168,100,56;TCP;54;[TCP Previous segment not captured] 8081  >  52430 [FIN, ACK] Seq=223 Ack=988 Win=16384 Len=0;;;;;;;;;;;;;;;;;
99; 54,595,856 ;203,205,235,218;192,168,100,56;TCP;276;[TCP Out-Of-Order] 8081  >  52430 [PSH, ACK] Seq=1 Ack=988 Win=16384 Len=222;;;;;;;;;;;;;;;;;
100; 54,595,856 ;203,205,235,218;192,168,100,56;TCP;54;[TCP Previous segment not captured] 8081  >  52432 [FIN, ACK] Seq=223 Ack=973 Win=16384 Len=0;;;;;;;;;;;;;;;;;
101; 54,595,856 ;203,205,235,218;192,168,100,56;TCP;276;[TCP Out-Of-Order] 8081  >  52432 [PSH, ACK] Seq=1 Ack=973 Win=16384 Len=222;;;;;;;;;;;;;;;;;
102; 54,595,856 ;203,205,235,218;192,168,100,56;TCP;60;8081  >  52430 [ACK] Seq=224 Ack=989 Win=16384 Len=0;;;;;;;;;;;;;;;;;
103; 54,595,889 ;192,168,100,56;203,205,235,218;TCP;54;[TCP Dup ACK 85#1] 52430  >  8081 [ACK] Seq=989 Ack=1 Win=65536 Len=0;;;;;;;;;;;;;;;;;
104; 54,595,934 ;192,168,100,56;203,205,235,218;TCP;54;[TCP Dup ACK 86#1] 52432  >  8081 [ACK] Seq=973 Ack=1 Win=65536 Len=0;;;;;;;;;;;;;;;;;
105; 54,595,964 ;192,168,100,56;203,205,235,218;TCP;54;52432  >  8081 [ACK] Seq=973 Ack=224 Win=65314 Len=0;;;;;;;;;;;;;;;;;
106; 54,595,986 ;192,168,100,56;203,205,235,218;TCP;54;52430  >  8081 [ACK] Seq=989 Ack=224 Win=65314 Len=0;;;;;;;;;;;;;;;;;
107; 54,752,049 ;58,251,106,185;192,168,100,56;TCP;74;443  >  52428 [PSH, ACK] Seq=21 Ack=733 Win=16384 Len=20 [TCP segment of a reassembled PDU];;;;;;;;;;;;;;;;;
108; 54,752,176 ;192,168,100,56;58,251,106,185;TCP;432;52428  >  443 [PSH, ACK] Seq=733 Ack=41 Win=65496 Len=378 [TCP segment of a reassembled PDU];;;;;;;;;;;;;;;;;
109; 54,799,362 ;192,168,100,56;203,205,235,218;TCP;66;52433  >  8081 [SYN] Seq=0 Win=65535 Len=0 MSS=1460 WS=2 SACK_PERM=1;;;;;;;;;;;;;;;;;
110; 54,799,362 ;192,168,100,56;203,205,235,218;TCP;66;52434  >  8081 [SYN] Seq=0 Win=65535 Len=0 MSS=1460 WS=2 SACK_PERM=1;;;;;;;;;;;;;;;;;
111; 54,954,252 ;203,205,235,218;192,168,100,56;TCP;66;8081  >  52433 [SYN, ACK] Seq=0 Ack=1 Win=13600 Len=0 MSS=1360 SACK_PERM=1 WS=1024;;;;;;;;;;;;;;;;;
112; 54,954,252 ;203,205,235,218;192,168,100,56;TCP;66;8081  >  52434 [SYN, ACK] Seq=0 Ack=1 Win=13600 Len=0 MSS=1360 SACK_PERM=1 WS=1024;;;;;;;;;;;;;;;;;
113; 54,954,340 ;192,168,100,56;203,205,235,218;TCP;54;52433  >  8081 [ACK] Seq=1 Ack=1 Win=65536 Len=0;;;;;;;;;;;;;;;;;
114; 54,954,365 ;192,168,100,56;203,205,235,218;TCP;1105;52433  >  8081 [PSH, ACK] Seq=1 Ack=1 Win=65536 Len=1051;;;;;;;;;;;;;;;;;
115; 54,954,402 ;192,168,100,56;203,205,235,218;TCP;54;52433  >  8081 [FIN, ACK] Seq=1052 Ack=1 Win=65536 Len=0;;;;;;;;;;;;;;;;;
116; 54,954,410 ;192,168,100,56;203,205,235,218;TCP;1105;52434  >  8081 [PSH, ACK] Seq=1 Ack=1 Win=65536 Len=1051;;;;;;;;;;;;;;;;;
117; 54,954,439 ;192,168,100,56;203,205,235,218;TCP;54;52434  >  8081 [FIN, ACK] Seq=1052 Ack=1 Win=65536 Len=0;;;;;;;;;;;;;;;;;
118; 55,073,005 ;192,168,100,56;203,205,239,243;TCP;66;52435  >  80 [SYN] Seq=0 Win=65535 Len=0 MSS=1460 WS=2 SACK_PERM=1;;;;;;;;;;;;;;;;;
120; 55,112,923 ;203,205,235,218;192,168,100,56;TCP;54;8081  >  52433 [ACK] Seq=1 Ack=1052 Win=16384 Len=0;;;;;;;;;;;;;;;;;
121; 55,112,923 ;203,205,235,218;192,168,100,56;TCP;54;8081  >  52433 [FIN, ACK] Seq=1 Ack=1053 Win=16384 Len=0;;;;;;;;;;;;;;;;;
122; 55,112,923 ;203,205,235,218;192,168,100,56;TCP;54;8081  >  52434 [ACK] Seq=1 Ack=1052 Win=16384 Len=0;;;;;;;;;;;;;;;;;
123; 55,112,923 ;203,205,235,218;192,168,100,56;TCP;54;8081  >  52434 [FIN, ACK] Seq=1 Ack=1053 Win=16384 Len=0;;;;;;;;;;;;;;;;;
124; 55,112,923 ;203,205,239,243;192,168,100,56;TCP;62;80  >  52435 [SYN, ACK] Seq=0 Ack=1 Win=4236 Len=0 MSS=1412 SACK_PERM=1;;;;;;;;;;;;;;;;;
125; 55,112,983 ;192,168,100,56;203,205,235,218;TCP;54;52433  >  8081 [ACK] Seq=1053 Ack=2 Win=65536 Len=0;;;;;;;;;;;;;;;;;
126; 55,113,061 ;192,168,100,56;203,205,235,218;TCP;54;52434  >  8081 [ACK] Seq=1053 Ack=2 Win=65536 Len=0;;;;;;;;;;;;;;;;;
127; 55,113,117 ;192,168,100,56;203,205,239,243;TCP;54;52435  >  80 [ACK] Seq=1 Ack=1 Win=65535 Len=0;;;;;;;;;;;;;;;;;
128; 55,139,390 ;58,251,106,185;192,168,100,56;TCP;74;443  >  52428 [PSH, ACK] Seq=41 Ack=1111 Win=17408 Len=20 [TCP segment of a reassembled PDU];;;;;;;;;;;;;;;;;
129; 55,139,516 ;192,168,100,56;58,251,106,185;TCP;432;52428  >  443 [PSH, ACK] Seq=1111 Ack=61 Win=65476 Len=378 [TCP segment of a reassembled PDU];;;;;;;;;;;;;;;;;
130; 55,574,881 ;192,168,100,56;203,205,239,243;TCP;66;52436  >  80 [SYN] Seq=0 Win=65535 Len=0 MSS=1460 WS=2 SACK_PERM=1;;;;;;;;;;;;;;;;;
131; 55,670,961 ;58,251,106,185;192,168,100,56;TCP;74;443  >  52428 [PSH, ACK] Seq=61 Ack=1489 Win=18432 Len=20 [TCP segment of a reassembled PDU];;;;;;;;;;;;;;;;;
132; 55,670,961 ;203,205,239,243;192,168,100,56;TCP;62;80  >  52436 [SYN, ACK] Seq=0 Ack=1 Win=4236 Len=0 MSS=1412 SACK_PERM=1;;;;;;;;;;;;;;;;;
133; 55,671,045 ;192,168,100,56;203,205,239,243;TCP;54;52436  >  80 [ACK] Seq=1 Ack=1 Win=65535 Len=0;;;;;;;;;;;;;;;;;
134; 55,671,236 ;192,168,100,56;58,251,106,185;TCP;400;52428  >  443 [PSH, ACK] Seq=1489 Ack=81 Win=65456 Len=346 [TCP segment of a reassembled PDU];;;;;;;;;;;;;;;;;
135; 55,923,201 ;192,168,100,56;203,205,239,243;HTTP;816;POST /q,cgi HTTP/1,1 ;;;;;;;;;;;;;;;;;
136; 55,923,530 ;192,168,100,56;203,205,239,243;HTTP;608;POST /q,cgi HTTP/1,1 ;;;;;;;;;;;;;;;;;
137; 55,935,171 ;203,205,239,243;192,168,100,56;TCP;54;80  >  52436 [ACK] Seq=1 Ack=763 Win=4998 Len=0;;;;;;;;;;;;;;;;;
138; 55,935,484 ;203,205,239,243;192,168,100,56;TCP;54;80  >  52435 [ACK] Seq=1 Ack=555 Win=4790 Len=0;;;;;;;;;;;;;;;;;
139; 56,081,936 ;203,205,239,243;192,168,100,56;HTTP;344;HTTP/1,1 200 OK ;;;;;;;;;;;;;;;;;
140; 56,081,936 ;58,251,106,185;192,168,100,56;TCP;74;443  >  52428 [PSH, ACK] Seq=81 Ack=1835 Win=19456 Len=20 [TCP segment of a reassembled PDU];;;;;;;;;;;;;;;;;
141; 56,082,102 ;192,168,100,56;58,251,106,185;TCP;424;52428  >  443 [PSH, ACK] Seq=1835 Ack=101 Win=65436 Len=370 [TCP segment of a reassembled PDU];;;;;;;;;;;;;;;;;
142; 56,104,774 ;203,205,239,243;192,168,100,56;HTTP;368;HTTP/1,1 200 OK ;;;;;;;;;;;;;;;;;
143; 56,104,892 ;192,168,100,56;203,205,239,243;TCP;54;52435  >  80 [FIN, ACK] Seq=555 Ack=291 Win=65246 Len=0;;;;;;;;;;;;;;;;;
144; 56,116,171 ;203,205,239,243;192,168,100,56;TCP;56;80  >  52435 [ACK] Seq=291 Ack=556 Win=4790 Len=0;;;;;;;;;;;;;;;;;
145; 56,140,435 ;192,168,100,56;58,251,106,185;TCP;66;[TCP Retransmission] 52426  >  443 [SYN] Seq=0 Win=65535 Len=0 MSS=1460 WS=2 SACK_PERM=1;;;;;;;;;;;;;;;;;
148; 56,145,584 ;192,168,100,56;203,205,239,243;TCP;54;52436  >  80 [ACK] Seq=763 Ack=315 Win=65222 Len=0;;;;;;;;;;;;;;;;;
149; 56,164,180 ;203,205,239,243;192,168,100,56;TCP;54;80  >  52435 [FIN, ACK] Seq=291 Ack=556 Win=4790 Len=0;;;;;;;;;;;;;;;;;
150; 56,164,226 ;192,168,100,56;203,205,239,243;TCP;54;52435  >  80 [ACK] Seq=556 Ack=292 Win=65246 Len=0;;;;;;;;;;;;;;;;;
151; 56,301,381 ;192,168,100,56;203,205,235,218;TCP;66;52437  >  8081 [SYN] Seq=0 Win=65535 Len=0 MSS=1460 WS=2 SACK_PERM=1;;;;;;;;;;;;;;;;;
152; 56,387,918 ;203,205,235,218;192,168,100,56;TCP;66;8081  >  52437 [SYN, ACK] Seq=0 Ack=1 Win=13600 Len=0 MSS=1360 SACK_PERM=1 WS=1024;;;;;;;;;;;;;;;;;
153; 56,387,981 ;192,168,100,56;203,205,235,218;TCP;54;52437  >  8081 [ACK] Seq=1 Ack=1 Win=65536 Len=0;;;;;;;;;;;;;;;;;
154; 56,388,154 ;192,168,100,56;203,205,235,218;TCP;1089;52437  >  8081 [PSH, ACK] Seq=1 Ack=1 Win=65536 Len=1035;;;;;;;;;;;;;;;;;
155; 56,388,285 ;192,168,100,56;203,205,235,218;TCP;54;52437  >  8081 [FIN, ACK] Seq=1036 Ack=1 Win=65536 Len=0;;;;;;;;;;;;;;;;;
156; 56,592,870 ;203,205,235,218;192,168,100,56;TCP;54;8081  >  52437 [ACK] Seq=1 Ack=1036 Win=16384 Len=0;;;;;;;;;;;;;;;;;
157; 56,592,870 ;203,205,235,218;192,168,100,56;TCP;54;8081  >  52437 [FIN, ACK] Seq=1 Ack=1037 Win=16384 Len=0;;;;;;;;;;;;;;;;;
158; 56,592,870 ;58,251,106,185;192,168,100,56;TCP;74;443  >  52428 [PSH, ACK] Seq=101 Ack=2205 Win=20480 Len=20 [TCP segment of a reassembled PDU];;;;;;;;;;;;;;;;;
159; 56,592,870 ;58,251,106,185;192,168,100,56;TCP;66;443  >  52426 [SYN, ACK] Seq=0 Ack=1 Win=13600 Len=0 MSS=1360 SACK_PERM=1 WS=1024;;;;;;;;;;;;;;;;;
160; 56,592,923 ;192,168,100,56;203,205,235,218;TCP;54;52437  >  8081 [ACK] Seq=1037 Ack=2 Win=65536 Len=0;;;;;;;;;;;;;;;;;
161; 56,593,045 ;192,168,100,56;58,251,106,185;TCP;54;52426  >  443 [ACK] Seq=1 Ack=1 Win=65536 Len=0;;;;;;;;;;;;;;;;;
162; 56,593,090 ;192,168,100,56;58,251,106,185;TCP;456;52428  >  443 [PSH, ACK] Seq=2205 Ack=121 Win=65416 Len=402 [TCP segment of a reassembled PDU];;;;;;;;;;;;;;;;;
163; 56,593,110 ;192,168,100,56;58,251,106,185;TCP;376;52426  >  443 [PSH, ACK] Seq=1 Ack=1 Win=65536 Len=322 [TCP segment of a reassembled PDU];;;;;;;;;;;;;;;;;
166; 57,002,259 ;58,251,106,185;192,168,100,56;TCP;74;443  >  52428 [PSH, ACK] Seq=121 Ack=2607 Win=21504 Len=20 [TCP segment of a reassembled PDU];;;;;;;;;;;;;;;;;
167; 57,002,384 ;192,168,100,56;58,251,106,185;TCP;352;52428  >  443 [PSH, ACK] Seq=2607 Ack=141 Win=65396 Len=298 [TCP segment of a reassembled PDU];;;;;;;;;;;;;;;;;
168; 57,116,163 ;192,168,100,56;203,205,239,243;TCP;54;52436  >  80 [FIN, ACK] Seq=763 Ack=315 Win=65222 Len=0;;;;;;;;;;;;;;;;;
169; 57,308,375 ;203,205,239,243;192,168,100,56;TCP;60;80  >  52436 [ACK] Seq=315 Ack=764 Win=4998 Len=0;;;;;;;;;;;;;;;;;
170; 57,308,375 ;203,205,239,243;192,168,100,56;TCP;54;80  >  52436 [FIN, ACK] Seq=315 Ack=764 Win=4998 Len=0;;;;;;;;;;;;;;;;;
171; 57,308,425 ;192,168,100,56;203,205,239,243;TCP;54;52436  >  80 [ACK] Seq=764 Ack=316 Win=65222 Len=0;;;;;;;;;;;;;;;;;
172; 57,309,360 ;192,168,100,56;203,205,239,243;TCP;66;52438  >  80 [SYN] Seq=0 Win=65535 Len=0 MSS=1460 WS=2 SACK_PERM=1;;;;;;;;;;;;;;;;;
173; 57,309,493 ;192,168,100,56;203,205,239,243;TCP;66;52439  >  80 [SYN] Seq=0 Win=65535 Len=0 MSS=1460 WS=2 SACK_PERM=1;;;;;;;;;;;;;;;;;
174; 57,320,850 ;203,205,239,243;192,168,100,56;TCP;62;80  >  52438 [SYN, ACK] Seq=0 Ack=1 Win=4236 Len=0 MSS=1412 SACK_PERM=1;;;;;;;;;;;;;;;;;
175; 57,320,850 ;203,205,239,243;192,168,100,56;TCP;62;80  >  52439 [SYN, ACK] Seq=0 Ack=1 Win=4236 Len=0 MSS=1412 SACK_PERM=1;;;;;;;;;;;;;;;;;
176; 57,320,929 ;192,168,100,56;203,205,239,243;TCP;54;52438  >  80 [ACK] Seq=1 Ack=1 Win=65535 Len=0;;;;;;;;;;;;;;;;;
177; 57,320,976 ;192,168,100,56;203,205,239,243;TCP;54;52439  >  80 [ACK] Seq=1 Ack=1 Win=65535 Len=0;;;;;;;;;;;;;;;;;
178; 57,515,661 ;58,251,106,185;192,168,100,56;TCP;74;443  >  52428 [PSH, ACK] Seq=141 Ack=2905 Win=22528 Len=20 [TCP segment of a reassembled PDU];;;;;;;;;;;;;;;;;
179; 57,515,788 ;192,168,100,56;58,251,106,185;TCP;432;52428  >  443 [PSH, ACK] Seq=2905 Ack=161 Win=65376 Len=378 [TCP segment of a reassembled PDU];;;;;;;;;;;;;;;;;
180; 57,928,225 ;58,251,106,185;192,168,100,56;TCP;74;443  >  52428 [PSH, ACK] Seq=161 Ack=3283 Win=23552 Len=20 [TCP segment of a reassembled PDU];;;;;;;;;;;;;;;;;
181; 57,928,369 ;192,168,100,56;58,251,106,185;TCP;432;52428  >  443 [PSH, ACK] Seq=3283 Ack=181 Win=65356 Len=378 [TCP segment of a reassembled PDU];;;;;;;;;;;;;;;;;
182; 58,127,573 ;192,168,100,56;203,205,239,243;HTTP;608;POST /q,cgi HTTP/1,1 ;;;;;;;;;;;;;;;;;
183; 58,127,647 ;192,168,100,56;203,205,239,243;HTTP;624;POST /q,cgi HTTP/1,1 ;;;;;;;;;;;;;;;;;
184; 58,141,212 ;203,205,239,243;192,168,100,56;TCP;54;80  >  52438 [ACK] Seq=1 Ack=571 Win=4806 Len=0;;;;;;;;;;;;;;;;;
185; 58,141,212 ;203,205,239,243;192,168,100,56;TCP;54;80  >  52439 [ACK] Seq=1 Ack=555 Win=4790 Len=0;;;;;;;;;;;;;;;;;
186; 58,242,603 ;203,205,239,243;192,168,100,56;HTTP;208;HTTP/1,1 200 OK ;;;;;;;;;;;;;;;;;
187; 58,244,129 ;203,205,239,243;192,168,100,56;HTTP;320;HTTP/1,1 200 OK ;;;;;;;;;;;;;;;;;
188; 58,244,232 ;192,168,100,56;203,205,239,243;TCP;54;52438  >  80 [FIN, ACK] Seq=571 Ack=155 Win=65382 Len=0;;;;;;;;;;;;;;;;;
189; 58,260,750 ;203,205,239,243;192,168,100,56;TCP;60;80  >  52438 [ACK] Seq=155 Ack=572 Win=4806 Len=0;;;;;;;;;;;;;;;;;
190; 58,284,949 ;192,168,100,56;203,205,239,243;TCP;54;52439  >  80 [ACK] Seq=555 Ack=267 Win=65270 Len=0;;;;;;;;;;;;;;;;;
191; 58,304,312 ;203,205,239,243;192,168,100,56;TCP;54;80  >  52438 [FIN, ACK] Seq=155 Ack=572 Win=4806 Len=0;;;;;;;;;;;;;;;;;
192; 58,304,357 ;192,168,100,56;203,205,239,243;TCP;54;52438  >  80 [ACK] Seq=572 Ack=156 Win=65382 Len=0;;;;;;;;;;;;;;;;;
193; 58,311,586 ;58,251,106,185;192,168,100,56;TCP;74;443  >  52428 [PSH, ACK] Seq=181 Ack=3661 Win=24576 Len=20 [TCP segment of a reassembled PDU];;;;;;;;;;;;;;;;;
194; 58,311,714 ;192,168,100,56;58,251,106,185;TCP;448;52428  >  443 [PSH, ACK] Seq=3661 Ack=201 Win=65336 Len=394 [TCP segment of a reassembled PDU];;;;;;;;;;;;;;;;;
195; 58,403,886 ;192,168,100,56;203,205,235,218;TCP;66;52441  >  8081 [SYN] Seq=0 Win=65535 Len=0 MSS=1460 WS=2 SACK_PERM=1;;;;;;;;;;;;;;;;;
196; 58,403,886 ;192,168,100,56;203,205,235,218;TCP;66;52440  >  8081 [SYN] Seq=0 Win=65535 Len=0 MSS=1460 WS=2 SACK_PERM=1;;;;;;;;;;;;;;;;;
197; 58,463,922 ;203,205,235,218;192,168,100,56;TCP;66;8081  >  52441 [SYN, ACK] Seq=0 Ack=1 Win=13600 Len=0 MSS=1360 SACK_PERM=1 WS=1024;;;;;;;;;;;;;;;;;
198; 58,463,986 ;192,168,100,56;203,205,235,218;TCP;54;52441  >  8081 [ACK] Seq=1 Ack=1 Win=65536 Len=0;;;;;;;;;;;;;;;;;
199; 58,464,063 ;192,168,100,56;203,205,235,218;TCP;1073;52441  >  8081 [PSH, ACK] Seq=1 Ack=1 Win=65536 Len=1019;;;;;;;;;;;;;;;;;
200; 58,464,092 ;203,205,235,218;192,168,100,56;TCP;66;8081  >  52440 [SYN, ACK] Seq=0 Ack=1 Win=13600 Len=0 MSS=1360 SACK_PERM=1 WS=1024;;;;;;;;;;;;;;;;;
201; 58,464,112 ;192,168,100,56;203,205,235,218;TCP;54;52441  >  8081 [FIN, ACK] Seq=1020 Ack=1 Win=65536 Len=0;;;;;;;;;;;;;;;;;
202; 58,464,133 ;192,168,100,56;203,205,235,218;TCP;54;52440  >  8081 [ACK] Seq=1 Ack=1 Win=65536 Len=0;;;;;;;;;;;;;;;;;
203; 58,464,316 ;192,168,100,56;203,205,235,218;TCP;1089;52440  >  8081 [PSH, ACK] Seq=1 Ack=1 Win=65536 Len=1035;;;;;;;;;;;;;;;;;
204; 58,464,373 ;192,168,100,56;203,205,235,218;TCP;54;52440  >  8081 [FIN, ACK] Seq=1036 Ack=1 Win=65536 Len=0;;;;;;;;;;;;;;;;;
205; 58,640,995 ;203,205,235,218;192,168,100,56;TCP;54;8081  >  52441 [ACK] Seq=1 Ack=1020 Win=16384 Len=0;;;;;;;;;;;;;;;;;
206; 58,640,995 ;203,205,235,218;192,168,100,56;TCP;54;8081  >  52441 [FIN, ACK] Seq=1 Ack=1021 Win=16384 Len=0;;;;;;;;;;;;;;;;;
207; 58,640,995 ;203,205,235,218;192,168,100,56;TCP;54;8081  >  52440 [ACK] Seq=1 Ack=1036 Win=16384 Len=0;;;;;;;;;;;;;;;;;
208; 58,640,995 ;203,205,235,218;192,168,100,56;TCP;54;8081  >  52440 [FIN, ACK] Seq=1 Ack=1037 Win=16384 Len=0;;;;;;;;;;;;;;;;;
209; 58,641,048 ;192,168,100,56;203,205,235,218;TCP;54;52441  >  8081 [ACK] Seq=1021 Ack=2 Win=65536 Len=0;;;;;;;;;;;;;;;;;
210; 58,641,121 ;192,168,100,56;203,205,235,218;TCP;54;52440  >  8081 [ACK] Seq=1037 Ack=2 Win=65536 Len=0;;;;;;;;;;;;;;;;;
211; 58,743,238 ;58,251,106,185;192,168,100,56;TCP;74;443  >  52428 [PSH, ACK] Seq=201 Ack=4055 Win=25600 Len=20 [TCP segment of a reassembled PDU];;;;;;;;;;;;;;;;;
212; 58,743,392 ;192,168,100,56;58,251,106,185;TCP;384;52428  >  443 [PSH, ACK] Seq=4055 Ack=221 Win=65316 Len=330 [TCP segment of a reassembled PDU];;;;;;;;;;;;;;;;;
213; 59,255,755 ;58,251,106,185;192,168,100,56;TCP;74;443  >  52428 [PSH, ACK] Seq=221 Ack=4385 Win=26624 Len=20 [TCP segment of a reassembled PDU];;;;;;;;;;;;;;;;;
214; 59,255,883 ;192,168,100,56;58,251,106,185;TCP;456;52428  >  443 [PSH, ACK] Seq=4385 Ack=241 Win=65296 Len=402 [TCP segment of a reassembled PDU];;;;;;;;;;;;;;;;;
215; 59,256,836 ;192,168,100,56;203,205,239,243;TCP;54;52439  >  80 [FIN, ACK] Seq=555 Ack=267 Win=65270 Len=0;;;;;;;;;;;;;;;;;
216; 59,268,184 ;203,205,239,243;192,168,100,56;TCP;60;80  >  52439 [ACK] Seq=267 Ack=556 Win=4790 Len=0;;;;;;;;;;;;;;;;;
217; 59,460,039 ;203,205,239,243;192,168,100,56;TCP;54;80  >  52439 [FIN, ACK] Seq=267 Ack=556 Win=4790 Len=0;;;;;;;;;;;;;;;;;
218; 59,460,083 ;192,168,100,56;203,205,239,243;TCP;54;52439  >  80 [ACK] Seq=556 Ack=268 Win=65270 Len=0;;;;;;;;;;;;;;;;;
219; 59,593,379 ;192,168,100,56;58,251,106,185;TCP;376;[TCP Retransmission] 52426  >  443 [PSH, ACK] Seq=1 Ack=1 Win=65536 Len=322;;;;;;;;;;;;;;;;;
220; 59,766,927 ;58,251,106,185;192,168,100,56;TCP;74;443  >  52428 [PSH, ACK] Seq=241 Ack=4787 Win=27648 Len=20 [TCP segment of a reassembled PDU];;;;;;;;;;;;;;;;;
221; 59,767,073 ;192,168,100,56;58,251,106,185;TCP;384;52428  >  443 [PSH, ACK] Seq=4787 Ack=261 Win=65276 Len=330 [TCP segment of a reassembled PDU];;;;;;;;;;;;;;;;;
222; 60,074,726 ;58,251,106,185;192,168,100,56;TCP;54;443  >  52426 [ACK] Seq=1 Ack=323 Win=15360 Len=0;;;;;;;;;;;;;;;;;
223; 60,074,726 ;58,251,106,185;192,168,100,56;TCP;74;443  >  52426 [PSH, ACK] Seq=1 Ack=323 Win=15360 Len=20 [TCP segment of a reassembled PDU];;;;;;;;;;;;;;;;;
224; 60,115,450 ;192,168,100,56;58,251,106,185;TCP;54;52426  >  443 [ACK] Seq=323 Ack=21 Win=65516 Len=0;;;;;;;;;;;;;;;;;
225; 60,128,408 ;58,251,106,185;192,168,100,56;TCP;74;443  >  52428 [PSH, ACK] Seq=261 Ack=5117 Win=28672 Len=20 [TCP segment of a reassembled PDU];;;;;;;;;;;;;;;;;
226; 60,128,541 ;192,168,100,56;58,251,106,185;TCP;400;52428  >  443 [PSH, ACK] Seq=5117 Ack=281 Win=65256 Len=346 [TCP segment of a reassembled PDU];;;;;;;;;;;;;;;;;
227; 60,503,414 ;58,251,106,185;192,168,100,56;TCP;74;443  >  52428 [PSH, ACK] Seq=281 Ack=5463 Win=29696 Len=20 [TCP segment of a reassembled PDU];;;;;;;;;;;;;;;;;
228; 60,503,542 ;192,168,100,56;58,251,106,185;TCP;384;52428  >  443 [PSH, ACK] Seq=5463 Ack=301 Win=65236 Len=330 [TCP segment of a reassembled PDU];;;;;;;;;;;;;;;;;
229; 60,996,622 ;58,251,106,185;192,168,100,56;TCP;74;443  >  52428 [PSH, ACK] Seq=301 Ack=5793 Win=31744 Len=20 [TCP segment of a reassembled PDU];;;;;;;;;;;;;;;;;
230; 60,996,622 ;58,251,106,185;192,168,100,56;TCP;74;[TCP Spurious Retransmission] 443  >  52426 [PSH, ACK] Seq=1 Ack=323 Win=15360 Len=20;;;;;;;;;;;;;;;;;
231; 60,996,676 ;192,168,100,56;58,251,106,185;TCP;66;[TCP Dup ACK 224#1] 52426  >  443 [ACK] Seq=323 Ack=21 Win=65516 Len=0 SLE=1 SRE=21;;;;;;;;;;;;;;;;;
232; 60,996,860 ;192,168,100,56;58,251,106,185;TCP;400;52428  >  443 [PSH, ACK] Seq=5793 Ack=321 Win=65216 Len=346 [TCP segment of a reassembled PDU];;;;;;;;;;;;;;;;;
233; 61,275,952 ;192,168,100,56;58,251,106,185;TCP;54;52426  >  443 [FIN, ACK] Seq=323 Ack=21 Win=65516 Len=0;;;;;;;;;;;;;;;;;
234; 61,405,297 ;58,251,106,185;192,168,100,56;TCP;74;443  >  52428 [PSH, ACK] Seq=321 Ack=6139 Win=32768 Len=20 [TCP segment of a reassembled PDU];;;;;;;;;;;;;;;;;
235; 61,445,843 ;192,168,100,56;58,251,106,185;TCP;54;52428  >  443 [ACK] Seq=6139 Ack=341 Win=65196 Len=0;;;;;;;;;;;;;;;;;
240; 62,607,266 ;192,168,100,56;58,251,106,185;TCP;54;52428  >  443 [FIN, ACK] Seq=6139 Ack=341 Win=65196 Len=0;;;;;;;;;;;;;;;;;
243; 63,044,416 ;58,251,106,185;192,168,100,56;TCP;54;443  >  52428 [FIN, ACK] Seq=341 Ack=6140 Win=32768 Len=0;;;;;;;;;;;;;;;;;
244; 63,044,462 ;192,168,100,56;58,251,106,185;TCP;54;52428  >  443 [ACK] Seq=6140 Ack=342 Win=65196 Len=0;;;;;;;;;;;;;;;;;
250; 64,318,004 ;192,168,100,56;58,251,106,185;TCP;54;[TCP Retransmission] 52426  >  443 [FIN, ACK] Seq=323 Ack=21 Win=65516 Len=0;;;;;;;;;;;;;;;;;
252; 64,785,540 ;58,251,106,185;192,168,100,56;TCP;56;[TCP Keep-Alive] 443  >  52426 [ACK] Seq=20 Ack=323 Win=15360 Len=0;;;;;;;;;;;;;;;;;
253; 64,785,567 ;192,168,100,56;58,251,106,185;TCP;54;[TCP Keep-Alive ACK] 52426  >  443 [ACK] Seq=324 Ack=21 Win=65516 Len=0;;;;;;;;;;;;;;;;;
260; 70,318,635 ;192,168,100,56;58,251,106,185;TCP;54;[TCP Retransmission] 52426  >  443 [FIN, ACK] Seq=323 Ack=21 Win=65516 Len=0;;;;;;;;;;;;;;;;;
261; 82,318,761 ;192,168,100,56;58,251,106,185;TCP;54;[TCP Retransmission] 52426  >  443 [FIN, ACK] Seq=323 Ack=21 Win=65516 Len=0;;;;;;;;;;;;;;;;;
262; 82,721,350 ;58,251,106,185;192,168,100,56;TCP;54;443  >  52426 [FIN, ACK] Seq=21 Ack=324 Win=15360 Len=0;;;;;;;;;;;;;;;;;
263; 82,721,398 ;192,168,100,56;58,251,106,185;TCP;54;52426  >  443 [ACK] Seq=324 Ack=22 Win=65516 Len=0;;;;;;;;;;;;;;;;;
264; 87,005,576 ;203,205,219,54;192,168,100,56;TCP;54;80  >  52427 [FIN, ACK] Seq=209 Ack=1646 Win=5881 Len=0;;;;;;;;;;;;;;;;;
265; 87,005,622 ;192,168,100,56;203,205,219,54;TCP;54;52427  >  80 [ACK] Seq=1646 Ack=210 Win=64032 Len=0;;;;;;;;;;;;;;;;;
267; 87,956,002 ;104,88,255,102;192,168,100,56;TCP;54;443  >  52397 [RST, ACK] Seq=1 Ack=1 Win=0 Len=0;;;;;;;;;;;;;;;;;
268; 89,468,040 ;104,88,255,102;192,168,100,56;TCP;54;443  >  52395 [RST, ACK] Seq=1 Ack=1 Win=0 Len=0;;;;;;;;;;;;;;;;;
269; 89,695,486 ;104,88,255,102;192,168,100,56;TCP;54;443  >  52398 [RST, ACK] Seq=1 Ack=1 Win=0 Len=0;;;;;;;;;;;;;;;;;
270; 90,589,380 ;104,88,255,102;192,168,100,56;TCP;54;443  >  52394 [RST, ACK] Seq=1 Ack=1 Win=0 Len=0;;;;;;;;;;;;;;;;;
271; 90,815,126 ;104,88,255,102;192,168,100,56;TCP;54;443  >  52393 [RST, ACK] Seq=1 Ack=1 Win=0 Len=0;;;;;;;;;;;;;;;;;
272; 97,569,271 ;104,88,255,102;192,168,100,56;TCP;54;443  >  52396 [RST, ACK] Seq=1 Ack=1 Win=0 Len=0;;;;;;;;;;;;;;;;;
273; 99,725,506 ;104,88,255,102;192,168,100,56;TCP;54;443  >  52402 [RST, ACK] Seq=1 Ack=1 Win=0 Len=0;;;;;;;;;;;;;;;;;
275; 113,321,872 ;117,18,232,200;192,168,100,56;TCP;54;[TCP Dup ACK 28#1] 443  >  52424 [ACK] Seq=1 Ack=1 Win=133 Len=0;;;;;;;;;;;;;;;;;
276; 113,321,900 ;192,168,100,56;117,18,232,200;TCP;54;[TCP Dup ACK 29#1] [TCP ACKed unseen segment] 52424  >  443 [ACK] Seq=1 Ack=2 Win=1024 Len=0;;;;;;;;;;;;;;;;;
277; 113,936,141 ;204,79,197,222;192,168,100,56;TCP;54;443  >  52425 [RST, ACK] Seq=1 Ack=1 Win=0 Len=0;;;;;;;;;;;;;;;;;
278; 114,656,883 ;13,107,4,254;192,168,100,56;TCP;54;443  >  52421 [RST, ACK] Seq=1 Ack=1 Win=0 Len=0;;;;;;;;;;;;;;;;;
279; 116,719,002 ;13,107,9,254;192,168,100,56;TCP;54;443  >  52423 [RST, ACK] Seq=1 Ack=1 Win=0 Len=0;;;;;;;;;;;;;;;;;
280; 117,110,613 ;13,107,21,200;192,168,100,56;TCP;54;443  >  52420 [RST, ACK] Seq=1 Ack=1 Win=0 Len=0;;;;;;;;;;;;;;;;;
283; 121,007,868 ;117,18,237,29;192,168,100,56;TCP;54;80  >  52422 [FIN, ACK] Seq=1 Ack=1 Win=4472 Len=0;;;;;;;;;;;;;;;;;
284; 121,007,914 ;192,168,100,56;117,18,237,29;TCP;54;52422  >  80 [ACK] Seq=1 Ack=2 Win=64952 Len=0;;;;;;;;;;;;;;;;;
299; 132,007,208 ;192,168,100,56;203,205,219,54;TCP;55;[TCP Keep-Alive] 52427  >  80 [ACK] Seq=1645 Ack=210 Win=64032 Len=1[Reassembly error, protocol TCP: New fragment overlaps old data (retransmission?)];;;;;;;;;;;;;;;;;
300; 132,018,524 ;203,205,219,54;192,168,100,56;TCP;54;[TCP Keep-Alive ACK] 80  >  52427 [ACK] Seq=210 Ack=1646 Win=5881 Len=0;;;;;;;;;;;;;;;;;
303; 170,770,401 ;117,18,232,200;192,168,100,56;TLSv1,2;85;[TCP Previous segment not captured] , Encrypted Alert;;;;;;;;;;;;;;;;;
304; 170,770,401 ;117,18,232,200;192,168,100,56;TCP;118;[TCP Out-Of-Order] 443  >  52424 [PSH, ACK] Seq=2 Ack=1 Win=133 Len=64;;;;;;;;;;;;;;;;;
305; 170,770,401 ;117,18,232,200;192,168,100,56;TCP;54;443  >  52424 [FIN, ACK] Seq=97 Ack=1 Win=133 Len=0;;;;;;;;;;;;;;;;;
306; 170,770,401 ;117,18,232,200;192,168,100,56;TCP;54;[TCP Out-Of-Order] 443  >  52424 [FIN, ACK] Seq=97 Ack=1 Win=133 Len=0;;;;;;;;;;;;;;;;;
307; 170,770,470 ;192,168,100,56;117,18,232,200;TCP;66;[TCP Dup ACK 29#2] [TCP ACKed unseen segment] 52424  >  443 [ACK] Seq=1 Ack=2 Win=1024 Len=0 SLE=66 SRE=97;;;;;;;;;;;;;;;;;
308; 170,770,582 ;192,168,100,56;117,18,232,200;TCP;54;52424  >  443 [ACK] Seq=1 Ack=97 Win=1023 Len=0;;;;;;;;;;;;;;;;;
309; 170,770,603 ;192,168,100,56;117,18,232,200;TCP;54;52424  >  443 [ACK] Seq=1 Ack=98 Win=1023 Len=0;;;;;;;;;;;;;;;;;
312; 177,019,445 ;192,168,100,56;203,205,219,54;TCP;55;[TCP Keep-Alive] 52427  >  80 [ACK] Seq=1645 Ack=210 Win=64032 Len=1[Reassembly error, protocol TCP: New fragment overlaps old data (retransmission?)];;;;;;;;;;;;;;;;;
313; 177,049,019 ;203,205,219,54;192,168,100,56;TCP;54;[TCP Keep-Alive ACK] 80  >  52427 [ACK] Seq=210 Ack=1646 Win=5881 Len=0;;;;;;;;;;;;;;;;;
329; 222,049,969 ;192,168,100,56;203,205,219,54;TCP;55;[TCP Keep-Alive] 52427  >  80 [ACK] Seq=1645 Ack=210 Win=64032 Len=1[Reassembly error, protocol TCP: New fragment overlaps old data (retransmission?)];;;;;;;;;;;;;;;;;
330; 222,061,959 ;203,205,219,54;192,168,100,56;TCP;54;[TCP Keep-Alive ACK] 80  >  52427 [ACK] Seq=210 Ack=1646 Win=5881 Len=0;;;;;;;;;;;;;;;;;
362; 267,062,698 ;192,168,100,56;203,205,219,54;TCP;55;[TCP Keep-Alive] 52427  >  80 [ACK] Seq=1645 Ack=210 Win=64032 Len=1[Reassembly error, protocol TCP: New fragment overlaps old data (retransmission?)];;;;;;;;;;;;;;;;;
363; 267,142,387 ;203,205,219,54;192,168,100,56;TCP;54;[TCP Keep-Alive ACK] 80  >  52427 [ACK] Seq=210 Ack=1646 Win=5881 Len=0;;;;;;;;;;;;;;;;;
370; 312,142,470 ;192,168,100,56;203,205,219,54;TCP;55;[TCP Keep-Alive] 52427  >  80 [ACK] Seq=1645 Ack=210 Win=64032 Len=1[Reassembly error, protocol TCP: New fragment overlaps old data (retransmission?)];;;;;;;;;;;;;;;;;
371; 312,167,184 ;203,205,219,54;192,168,100,56;TCP;54;[TCP Keep-Alive ACK] 80  >  52427 [ACK] Seq=210 Ack=1646 Win=5881 Len=0;;;;;;;;;;;;;;;;;
390; 353,996,729 ;192,168,100,56;58,251,106,185;TCP;66;52442  >  443 [SYN] Seq=0 Win=65535 Len=0 MSS=1460 WS=2 SACK_PERM=1;;;;;;;;;;;;;;;;;
394; 354,014,461 ;192,168,100,56;203,205,239,248;TCP;66;52445  >  8081 [SYN] Seq=0 Win=65535 Len=0 MSS=1460 WS=2 SACK_PERM=1;;;;;;;;;;;;;;;;;
395; 354,014,461 ;192,168,100,56;203,205,239,248;TCP;66;52443  >  8081 [SYN] Seq=0 Win=65535 Len=0 MSS=1460 WS=2 SACK_PERM=1;;;;;;;;;;;;;;;;;
396; 354,014,461 ;192,168,100,56;203,205,239,248;TCP;66;52444  >  8081 [SYN] Seq=0 Win=65535 Len=0 MSS=1460 WS=2 SACK_PERM=1;;;;;;;;;;;;;;;;;
398; 354,109,200 ;203,205,239,248;192,168,100,56;TCP;66;8081  >  52444 [SYN, ACK] Seq=0 Ack=1 Win=13600 Len=0 MSS=1360 SACK_PERM=1 WS=1024;;;;;;;;;;;;;;;;;
399; 354,109,200 ;203,205,239,248;192,168,100,56;TCP;66;8081  >  52443 [SYN, ACK] Seq=0 Ack=1 Win=13600 Len=0 MSS=1360 SACK_PERM=1 WS=1024;;;;;;;;;;;;;;;;;
400; 354,109,200 ;203,205,239,248;192,168,100,56;TCP;66;8081  >  52445 [SYN, ACK] Seq=0 Ack=1 Win=13600 Len=0 MSS=1360 SACK_PERM=1 WS=1024;;;;;;;;;;;;;;;;;
401; 354,109,298 ;192,168,100,56;203,205,239,248;TCP;54;52444  >  8081 [ACK] Seq=1 Ack=1 Win=65536 Len=0;;;;;;;;;;;;;;;;;
402; 354,109,374 ;192,168,100,56;203,205,239,248;TCP;1041;52445  >  8081 [PSH, ACK] Seq=1 Ack=1 Win=65536 Len=987;;;;;;;;;;;;;;;;;
403; 354,109,377 ;192,168,100,56;203,205,239,248;TCP;1025;52443  >  8081 [PSH, ACK] Seq=1 Ack=1 Win=65536 Len=971;;;;;;;;;;;;;;;;;
404; 354,109,427 ;192,168,100,56;203,205,239,248;TCP;54;52445  >  8081 [FIN, ACK] Seq=988 Ack=1 Win=65536 Len=0;;;;;;;;;;;;;;;;;
405; 354,109,428 ;192,168,100,56;203,205,239,248;TCP;54;52443  >  8081 [FIN, ACK] Seq=972 Ack=1 Win=65536 Len=0;;;;;;;;;;;;;;;;;
406; 354,109,429 ;192,168,100,56;203,205,239,248;TCP;1073;52444  >  8081 [PSH, ACK] Seq=1 Ack=1 Win=65536 Len=1019;;;;;;;;;;;;;;;;;
407; 354,109,542 ;192,168,100,56;203,205,239,248;TCP;54;52444  >  8081 [FIN, ACK] Seq=1020 Ack=1 Win=65536 Len=0;;;;;;;;;;;;;;;;;
411; 354,403,895 ;203,205,239,248;192,168,100,56;TCP;54;8081  >  52444 [ACK] Seq=1 Ack=1020 Win=16384 Len=0;;;;;;;;;;;;;;;;;
412; 354,403,895 ;203,205,239,248;192,168,100,56;TCP;54;8081  >  52443 [ACK] Seq=1 Ack=972 Win=16384 Len=0;;;;;;;;;;;;;;;;;
413; 354,403,895 ;203,205,239,248;192,168,100,56;TCP;54;8081  >  52444 [FIN, ACK] Seq=1 Ack=1021 Win=16384 Len=0;;;;;;;;;;;;;;;;;
414; 354,403,895 ;203,205,239,248;192,168,100,56;TCP;54;8081  >  52443 [FIN, ACK] Seq=1 Ack=973 Win=16384 Len=0;;;;;;;;;;;;;;;;;
415; 354,403,956 ;192,168,100,56;203,205,239,248;TCP;54;52444  >  8081 [ACK] Seq=1021 Ack=2 Win=65536 Len=0;;;;;;;;;;;;;;;;;
416; 354,404,013 ;192,168,100,56;203,205,239,248;TCP;54;52443  >  8081 [ACK] Seq=973 Ack=2 Win=65536 Len=0;;;;;;;;;;;;;;;;;
417; 354,404,117 ;203,205,239,248;192,168,100,56;TCP;54;8081  >  52445 [ACK] Seq=1 Ack=988 Win=16384 Len=0;;;;;;;;;;;;;;;;;
418; 354,404,117 ;203,205,239,248;192,168,100,56;TCP;276;8081  >  52445 [PSH, ACK] Seq=1 Ack=988 Win=16384 Len=222;;;;;;;;;;;;;;;;;
419; 354,404,117 ;203,205,239,248;192,168,100,56;TCP;54;8081  >  52445 [FIN, ACK] Seq=223 Ack=988 Win=16384 Len=0;;;;;;;;;;;;;;;;;
420; 354,404,117 ;203,205,239,248;192,168,100,56;TCP;56;8081  >  52445 [ACK] Seq=224 Ack=989 Win=16384 Len=0;;;;;;;;;;;;;;;;;
421; 354,404,117 ;203,205,239,248;192,168,100,56;TCP;54;[TCP Out-Of-Order] 8081  >  52445 [FIN, ACK] Seq=223 Ack=989 Win=16384 Len=0;;;;;;;;;;;;;;;;;
422; 354,404,170 ;192,168,100,56;203,205,239,248;TCP;54;[TCP ZeroWindow] 52445  >  8081 [ACK] Seq=989 Ack=224 Win=0 Len=0;;;;;;;;;;;;;;;;;
423; 354,404,199 ;192,168,100,56;203,205,239,248;TCP;54;[TCP Window Update] 52445  >  8081 [ACK] Seq=989 Ack=224 Win=65314 Len=0;;;;;;;;;;;;;;;;;
424; 354,418,033 ;203,205,239,248;192,168,100,56;TCP;54;8081  >  52445 [RST, ACK] Seq=224 Ack=989 Win=0 Len=0;;;;;;;;;;;;;;;;;
425; 354,602,456 ;192,168,100,56;203,205,239,243;TCP;66;52446  >  80 [SYN] Seq=0 Win=65535 Len=0 MSS=1460 WS=2 SACK_PERM=1;;;;;;;;;;;;;;;;;
426; 354,625,885 ;203,205,239,243;192,168,100,56;TCP;62;80  >  52446 [SYN, ACK] Seq=0 Ack=1 Win=4236 Len=0 MSS=1412 SACK_PERM=1;;;;;;;;;;;;;;;;;
427; 354,625,948 ;192,168,100,56;203,205,239,243;TCP;54;52446  >  80 [ACK] Seq=1 Ack=1 Win=65535 Len=0;;;;;;;;;;;;;;;;;
428; 354,713,164 ;192,168,100,56;203,205,239,243;HTTP;424;POST /q,cgi HTTP/1,1 ;;;;;;;;;;;;;;;;;
429; 354,730,026 ;203,205,239,243;192,168,100,56;TCP;54;80  >  52446 [ACK] Seq=1 Ack=371 Win=4606 Len=0;;;;;;;;;;;;;;;;;
430; 354,889,162 ;203,205,239,243;192,168,100,56;HTTP;400;HTTP/1,1 200 OK ;;;;;;;;;;;;;;;;;
431; 354,929,825 ;192,168,100,56;203,205,239,243;TCP;54;52446  >  80 [ACK] Seq=371 Ack=347 Win=65190 Len=0;;;;;;;;;;;;;;;;;
432; 354,997,201 ;192,168,100,56;58,251,106,185;TCP;66;[TCP Retransmission] 52442  >  443 [SYN] Seq=0 Win=65535 Len=0 MSS=1460 WS=2 SACK_PERM=1;;;;;;;;;;;;;;;;;
433; 355,090,255 ;192,168,100,56;203,205,239,243;TCP;66;52447  >  80 [SYN] Seq=0 Win=65535 Len=0 MSS=1460 WS=2 SACK_PERM=1;;;;;;;;;;;;;;;;;
434; 355,090,402 ;192,168,100,56;203,205,239,243;TCP;66;52448  >  80 [SYN] Seq=0 Win=65535 Len=0 MSS=1460 WS=2 SACK_PERM=1;;;;;;;;;;;;;;;;;
435; 355,090,504 ;192,168,100,56;203,205,239,243;TCP;66;52449  >  80 [SYN] Seq=0 Win=65535 Len=0 MSS=1460 WS=2 SACK_PERM=1;;;;;;;;;;;;;;;;;
436; 355,204,656 ;203,205,239,243;192,168,100,56;TCP;62;80  >  52447 [SYN, ACK] Seq=0 Ack=1 Win=4236 Len=0 MSS=1412 SACK_PERM=1;;;;;;;;;;;;;;;;;
437; 355,204,656 ;203,205,239,243;192,168,100,56;TCP;62;80  >  52448 [SYN, ACK] Seq=0 Ack=1 Win=4236 Len=0 MSS=1412 SACK_PERM=1;;;;;;;;;;;;;;;;;
438; 355,204,656 ;203,205,239,243;192,168,100,56;TCP;62;80  >  52449 [SYN, ACK] Seq=0 Ack=1 Win=4236 Len=0 MSS=1412 SACK_PERM=1;;;;;;;;;;;;;;;;;
439; 355,204,771 ;192,168,100,56;203,205,239,243;TCP;54;52447  >  80 [ACK] Seq=1 Ack=1 Win=65535 Len=0;;;;;;;;;;;;;;;;;
440; 355,204,820 ;192,168,100,56;203,205,239,243;TCP;54;52448  >  80 [ACK] Seq=1 Ack=1 Win=65535 Len=0;;;;;;;;;;;;;;;;;
441; 355,204,831 ;192,168,100,56;203,205,239,243;TCP;54;52449  >  80 [ACK] Seq=1 Ack=1 Win=65535 Len=0;;;;;;;;;;;;;;;;;
442; 355,402,668 ;58,251,106,185;192,168,100,56;TCP;66;443  >  52442 [SYN, ACK] Seq=0 Ack=1 Win=13600 Len=0 MSS=1360 SACK_PERM=1 WS=1024;;;;;;;;;;;;;;;;;
443; 355,402,737 ;192,168,100,56;58,251,106,185;TCP;54;52442  >  443 [ACK] Seq=1 Ack=1 Win=65536 Len=0;;;;;;;;;;;;;;;;;
444; 355,403,017 ;192,168,100,56;58,251,106,185;TCP;336;52442  >  443 [PSH, ACK] Seq=1 Ack=1 Win=65536 Len=282 [TCP segment of a reassembled PDU];;;;;;;;;;;;;;;;;
445; 355,804,582 ;58,251,106,185;192,168,100,56;TCP;54;443  >  52442 [ACK] Seq=1 Ack=283 Win=15360 Len=0;;;;;;;;;;;;;;;;;
446; 355,804,582 ;58,251,106,185;192,168,100,56;TCP;74;443  >  52442 [PSH, ACK] Seq=1 Ack=283 Win=15360 Len=20 [TCP segment of a reassembled PDU];;;;;;;;;;;;;;;;;
447; 355,804,704 ;192,168,100,56;58,251,106,185;TCP;392;52442  >  443 [PSH, ACK] Seq=283 Ack=21 Win=65516 Len=338 [TCP segment of a reassembled PDU];;;;;;;;;;;;;;;;;
448; 355,901,776 ;192,168,100,56;203,205,239,243;TCP;54;52446  >  80 [FIN, ACK] Seq=371 Ack=347 Win=65190 Len=0;;;;;;;;;;;;;;;;;
449; 355,901,927 ;192,168,100,56;203,205,239,243;HTTP;608;POST /q,cgi HTTP/1,1 ;;;;;;;;;;;;;;;;;
450; 355,901,974 ;192,168,100,56;203,205,239,243;HTTP;608;POST /q,cgi HTTP/1,1 ;;;;;;;;;;;;;;;;;
451; 355,902,002 ;192,168,100,56;203,205,239,243;HTTP;608;POST /q,cgi HTTP/1,1 ;;;;;;;;;;;;;;;;;
452; 355,914,327 ;203,205,239,243;192,168,100,56;TCP;60;80  >  52446 [ACK] Seq=347 Ack=372 Win=4606 Len=0;;;;;;;;;;;;;;;;;
453; 355,914,840 ;203,205,239,243;192,168,100,56;TCP;54;80  >  52448 [ACK] Seq=1 Ack=555 Win=4790 Len=0;;;;;;;;;;;;;;;;;
454; 355,914,840 ;203,205,239,243;192,168,100,56;TCP;54;80  >  52447 [ACK] Seq=1 Ack=555 Win=4790 Len=0;;;;;;;;;;;;;;;;;
455; 355,915,408 ;203,205,239,243;192,168,100,56;TCP;54;80  >  52449 [ACK] Seq=1 Ack=555 Win=4790 Len=0;;;;;;;;;;;;;;;;;
456; 355,962,169 ;203,205,239,243;192,168,100,56;TCP;54;80  >  52446 [FIN, ACK] Seq=347 Ack=372 Win=4606 Len=0;;;;;;;;;;;;;;;;;
457; 355,962,242 ;192,168,100,56;203,205,239,243;TCP;54;52446  >  80 [ACK] Seq=372 Ack=348 Win=65190 Len=0;;;;;;;;;;;;;;;;;
458; 356,212,492 ;203,205,239,243;192,168,100,56;HTTP;344;HTTP/1,1 200 OK ;;;;;;;;;;;;;;;;;
459; 356,212,492 ;203,205,239,243;192,168,100,56;HTTP;344;HTTP/1,1 200 OK ;;;;;;;;;;;;;;;;;
460; 356,212,492 ;203,205,239,243;192,168,100,56;HTTP;344;HTTP/1,1 200 OK ;;;;;;;;;;;;;;;;;
461; 356,252,827 ;192,168,100,56;203,205,239,243;TCP;54;52447  >  80 [ACK] Seq=555 Ack=291 Win=65246 Len=0;;;;;;;;;;;;;;;;;
462; 356,252,829 ;192,168,100,56;203,205,239,243;TCP;54;52449  >  80 [ACK] Seq=555 Ack=291 Win=65246 Len=0;;;;;;;;;;;;;;;;;
463; 356,252,854 ;192,168,100,56;203,205,239,243;TCP;54;52448  >  80 [ACK] Seq=555 Ack=291 Win=65246 Len=0;;;;;;;;;;;;;;;;;
464; 356,399,798 ;192,168,100,56;203,205,239,248;TCP;66;52451  >  8081 [SYN] Seq=0 Win=65535 Len=0 MSS=1460 WS=2 SACK_PERM=1;;;;;;;;;;;;;;;;;
465; 356,399,799 ;192,168,100,56;203,205,239,248;TCP;66;52452  >  8081 [SYN] Seq=0 Win=65535 Len=0 MSS=1460 WS=2 SACK_PERM=1;;;;;;;;;;;;;;;;;
466; 356,399,798 ;192,168,100,56;203,205,239,248;TCP;66;52450  >  8081 [SYN] Seq=0 Win=65535 Len=0 MSS=1460 WS=2 SACK_PERM=1;;;;;;;;;;;;;;;;;
467; 356,521,241 ;203,205,239,248;192,168,100,56;TCP;66;8081  >  52451 [SYN, ACK] Seq=0 Ack=1 Win=13600 Len=0 MSS=1360 SACK_PERM=1 WS=1024;;;;;;;;;;;;;;;;;
468; 356,521,241 ;203,205,239,248;192,168,100,56;TCP;66;8081  >  52452 [SYN, ACK] Seq=0 Ack=1 Win=13600 Len=0 MSS=1360 SACK_PERM=1 WS=1024;;;;;;;;;;;;;;;;;
469; 356,521,241 ;203,205,239,248;192,168,100,56;TCP;66;8081  >  52450 [SYN, ACK] Seq=0 Ack=1 Win=13600 Len=0 MSS=1360 SACK_PERM=1 WS=1024;;;;;;;;;;;;;;;;;
470; 356,521,337 ;192,168,100,56;203,205,239,248;TCP;54;52451  >  8081 [ACK] Seq=1 Ack=1 Win=65536 Len=0;;;;;;;;;;;;;;;;;
471; 356,521,390 ;192,168,100,56;203,205,239,248;TCP;54;52452  >  8081 [ACK] Seq=1 Ack=1 Win=65536 Len=0;;;;;;;;;;;;;;;;;
472; 356,521,390 ;192,168,100,56;203,205,239,248;TCP;1089;52451  >  8081 [PSH, ACK] Seq=1 Ack=1 Win=65536 Len=1035;;;;;;;;;;;;;;;;;
473; 356,521,401 ;192,168,100,56;203,205,239,248;TCP;1089;52450  >  8081 [PSH, ACK] Seq=1 Ack=1 Win=65536 Len=1035;;;;;;;;;;;;;;;;;
474; 356,521,422 ;192,168,100,56;203,205,239,248;TCP;54;52451  >  8081 [FIN, ACK] Seq=1036 Ack=1 Win=65536 Len=0;;;;;;;;;;;;;;;;;
475; 356,521,448 ;192,168,100,56;203,205,239,248;TCP;54;52450  >  8081 [FIN, ACK] Seq=1036 Ack=1 Win=65536 Len=0;;;;;;;;;;;;;;;;;
476; 356,521,535 ;192,168,100,56;203,205,239,248;TCP;1089;52452  >  8081 [PSH, ACK] Seq=1 Ack=1 Win=65536 Len=1035;;;;;;;;;;;;;;;;;
477; 356,521,656 ;192,168,100,56;203,205,239,248;TCP;54;52452  >  8081 [FIN, ACK] Seq=1036 Ack=1 Win=65536 Len=0;;;;;;;;;;;;;;;;;
478; 356,593,790 ;192,168,100,56;58,251,106,185;TCP;392;[TCP Retransmission] 52442  >  443 [PSH, ACK] Seq=283 Ack=21 Win=65516 Len=338;;;;;;;;;;;;;;;;;
479; 356,724,357 ;58,251,106,185;192,168,100,56;TCP;74;[TCP Spurious Retransmission] 443  >  52442 [PSH, ACK] Seq=1 Ack=283 Win=15360 Len=20;;;;;;;;;;;;;;;;;
480; 356,724,357 ;203,205,239,248;192,168,100,56;TCP;54;8081  >  52451 [ACK] Seq=1 Ack=1036 Win=16384 Len=0;;;;;;;;;;;;;;;;;
481; 356,724,357 ;203,205,239,248;192,168,100,56;TCP;276;8081  >  52451 [PSH, ACK] Seq=1 Ack=1036 Win=16384 Len=222;;;;;;;;;;;;;;;;;
482; 356,724,357 ;203,205,239,248;192,168,100,56;TCP;54;8081  >  52451 [FIN, ACK] Seq=223 Ack=1036 Win=16384 Len=0;;;;;;;;;;;;;;;;;
483; 356,724,357 ;203,205,239,248;192,168,100,56;TCP;60;8081  >  52451 [ACK] Seq=224 Ack=1037 Win=16384 Len=0;;;;;;;;;;;;;;;;;
484; 356,724,393 ;192,168,100,56;58,251,106,185;TCP;66;[TCP Dup ACK 447#1] 52442  >  443 [ACK] Seq=621 Ack=21 Win=65516 Len=0 SLE=1 SRE=21;;;;;;;;;;;;;;;;;
485; 356,724,481 ;192,168,100,56;203,205,239,248;TCP;54;52451  >  8081 [ACK] Seq=1037 Ack=224 Win=65314 Len=0;;;;;;;;;;;;;;;;;
486; 356,724,604 ;203,205,239,248;192,168,100,56;TCP;54;8081  >  52450 [FIN, ACK] Seq=1 Ack=1037 Win=16384 Len=0;;;;;;;;;;;;;;;;;
487; 356,724,604 ;203,205,239,248;192,168,100,56;TCP;60;[TCP Keep-Alive] 8081  >  52450 [ACK] Seq=1 Ack=1036 Win=16384 Len=0;;;;;;;;;;;;;;;;;
488; 356,724,604 ;203,205,239,248;192,168,100,56;TCP;54;8081  >  52452 [ACK] Seq=1 Ack=1036 Win=16384 Len=0;;;;;;;;;;;;;;;;;
489; 356,724,604 ;203,205,239,248;192,168,100,56;TCP;54;8081  >  52452 [FIN, ACK] Seq=1 Ack=1037 Win=16384 Len=0;;;;;;;;;;;;;;;;;
490; 356,724,638 ;192,168,100,56;203,205,239,248;TCP;54;52450  >  8081 [ACK] Seq=1037 Ack=2 Win=65536 Len=0;;;;;;;;;;;;;;;;;
491; 356,724,665 ;192,168,100,56;203,205,239,248;TCP;54;[TCP ZeroWindow] 52450  >  8081 [ACK] Seq=1037 Ack=2 Win=0 Len=0;;;;;;;;;;;;;;;;;
492; 356,724,691 ;192,168,100,56;203,205,239,248;TCP;54;52452  >  8081 [ACK] Seq=1037 Ack=2 Win=65536 Len=0;;;;;;;;;;;;;;;;;
493; 356,736,211 ;203,205,239,248;192,168,100,56;TCP;54;8081  >  52450 [RST, ACK] Seq=2 Ack=1037 Win=0 Len=0;;;;;;;;;;;;;;;;;
494; 357,030,457 ;58,251,106,185;192,168,100,56;TCP;74;443  >  52442 [PSH, ACK] Seq=21 Ack=621 Win=16384 Len=20 [TCP segment of a reassembled PDU];;;;;;;;;;;;;;;;;
495; 357,030,590 ;192,168,100,56;58,251,106,185;TCP;520;52442  >  443 [PSH, ACK] Seq=621 Ack=41 Win=65496 Len=466 [TCP segment of a reassembled PDU];;;;;;;;;;;;;;;;;
496; 357,167,271 ;192,168,100,56;203,205,219,54;TCP;55;[TCP Keep-Alive] 52427  >  80 [ACK] Seq=1645 Ack=210 Win=64032 Len=1[Reassembly error, protocol TCP: New fragment overlaps old data (retransmission?)];;;;;;;;;;;;;;;;;
497; 357,206,573 ;203,205,219,54;192,168,100,56;TCP;54;[TCP Keep-Alive ACK] 80  >  52427 [ACK] Seq=210 Ack=1646 Win=5881 Len=0;;;;;;;;;;;;;;;;;
498; 357,224,742 ;192,168,100,56;203,205,239,243;TCP;54;52449  >  80 [FIN, ACK] Seq=555 Ack=291 Win=65246 Len=0;;;;;;;;;;;;;;;;;
499; 357,224,816 ;192,168,100,56;203,205,239,243;TCP;54;52448  >  80 [FIN, ACK] Seq=555 Ack=291 Win=65246 Len=0;;;;;;;;;;;;;;;;;
500; 357,224,848 ;192,168,100,56;203,205,239,243;TCP;54;52447  >  80 [FIN, ACK] Seq=555 Ack=291 Win=65246 Len=0;;;;;;;;;;;;;;;;;
501; 357,236,041 ;203,205,239,243;192,168,100,56;TCP;60;80  >  52448 [ACK] Seq=291 Ack=556 Win=4790 Len=0;;;;;;;;;;;;;;;;;
502; 357,236,041 ;203,205,239,243;192,168,100,56;TCP;56;80  >  52447 [ACK] Seq=291 Ack=556 Win=4790 Len=0;;;;;;;;;;;;;;;;;
503; 357,236,041 ;203,205,239,243;192,168,100,56;TCP;56;80  >  52449 [ACK] Seq=291 Ack=556 Win=4790 Len=0;;;;;;;;;;;;;;;;;
504; 357,343,263 ;203,205,239,243;192,168,100,56;TCP;54;80  >  52449 [FIN, ACK] Seq=291 Ack=556 Win=4790 Len=0;;;;;;;;;;;;;;;;;
505; 357,343,263 ;203,205,239,243;192,168,100,56;TCP;54;80  >  52448 [FIN, ACK] Seq=291 Ack=556 Win=4790 Len=0;;;;;;;;;;;;;;;;;
506; 357,343,263 ;203,205,239,243;192,168,100,56;TCP;54;80  >  52447 [FIN, ACK] Seq=291 Ack=556 Win=4790 Len=0;;;;;;;;;;;;;;;;;
507; 357,343,310 ;192,168,100,56;203,205,239,243;TCP;54;52449  >  80 [ACK] Seq=556 Ack=292 Win=65246 Len=0;;;;;;;;;;;;;;;;;
508; 357,343,374 ;192,168,100,56;203,205,239,243;TCP;54;52448  >  80 [ACK] Seq=556 Ack=292 Win=65246 Len=0;;;;;;;;;;;;;;;;;
509; 357,343,398 ;192,168,100,56;203,205,239,243;TCP;54;52447  >  80 [ACK] Seq=556 Ack=292 Win=65246 Len=0;;;;;;;;;;;;;;;;;
512; 357,818,922 ;192,168,100,56;58,251,106,185;TCP;520;[TCP Retransmission] 52442  >  443 [PSH, ACK] Seq=621 Ack=41 Win=65496 Len=466;;;;;;;;;;;;;;;;;
513; 358,190,409 ;58,251,106,185;192,168,100,56;TCP;74;443  >  52442 [PSH, ACK] Seq=41 Ack=1087 Win=17408 Len=20 [TCP segment of a reassembled PDU];;;;;;;;;;;;;;;;;
514; 358,190,597 ;192,168,100,56;58,251,106,185;TCP;352;52442  >  443 [PSH, ACK] Seq=1087 Ack=61 Win=65476 Len=298 [TCP segment of a reassembled PDU];;;;;;;;;;;;;;;;;
516; 358,979,697 ;192,168,100,56;58,251,106,185;TCP;352;[TCP Retransmission] 52442  >  443 [PSH, ACK] Seq=1087 Ack=61 Win=65476 Len=298;;;;;;;;;;;;;;;;;
517; 359,195,401 ;58,251,106,185;192,168,100,56;TCP;74;[TCP Spurious Retransmission] 443  >  52442 [PSH, ACK] Seq=41 Ack=1087 Win=17408 Len=20 [TCP segment of a reassembled PDU];;;;;;;;;;;;;;;;;
518; 359,195,428 ;192,168,100,56;58,251,106,185;TCP;66;[TCP Dup ACK 514#1] 52442  >  443 [ACK] Seq=1385 Ack=61 Win=65476 Len=0 SLE=41 SRE=61;;;;;;;;;;;;;;;;;
519; 359,388,230 ;58,251,106,185;192,168,100,56;TCP;74;443  >  52442 [PSH, ACK] Seq=61 Ack=1385 Win=18432 Len=20 [TCP segment of a reassembled PDU];;;;;;;;;;;;;;;;;
520; 359,388,386 ;192,168,100,56;58,251,106,185;TCP;400;52442  >  443 [PSH, ACK] Seq=1385 Ack=81 Win=65456 Len=346 [TCP segment of a reassembled PDU];;;;;;;;;;;;;;;;;
521; 360,176,107 ;192,168,100,56;58,251,106,185;TCP;400;[TCP Retransmission] 52442  >  443 [PSH, ACK] Seq=1385 Ack=81 Win=65456 Len=346;;;;;;;;;;;;;;;;;
522; 360,547,585 ;58,251,106,185;192,168,100,56;TCP;74;443  >  52442 [PSH, ACK] Seq=81 Ack=1731 Win=19456 Len=20 [TCP segment of a reassembled PDU];;;;;;;;;;;;;;;;;
523; 360,547,716 ;192,168,100,56;58,251,106,185;TCP;400;52442  >  443 [PSH, ACK] Seq=1731 Ack=101 Win=65436 Len=346 [TCP segment of a reassembled PDU];;;;;;;;;;;;;;;;;
524; 361,336,159 ;192,168,100,56;58,251,106,185;TCP;400;[TCP Retransmission] 52442  >  443 [PSH, ACK] Seq=1731 Ack=101 Win=65436 Len=346;;;;;;;;;;;;;;;;;
525; 361,655,815 ;58,251,106,185;192,168,100,56;TCP;74;[TCP Spurious Retransmission] 443  >  52442 [PSH, ACK] Seq=81 Ack=1731 Win=19456 Len=20 [TCP segment of a reassembled PDU];;;;;;;;;;;;;;;;;
526; 361,655,841 ;192,168,100,56;58,251,106,185;TCP;66;[TCP Dup ACK 523#1] 52442  >  443 [ACK] Seq=2077 Ack=101 Win=65436 Len=0 SLE=81 SRE=101;;;;;;;;;;;;;;;;;
527; 361,748,876 ;58,251,106,185;192,168,100,56;TCP;74;443  >  52442 [PSH, ACK] Seq=101 Ack=2077 Win=20480 Len=20 [TCP segment of a reassembled PDU];;;;;;;;;;;;;;;;;
528; 361,748,999 ;192,168,100,56;58,251,106,185;TCP;400;52442  >  443 [PSH, ACK] Seq=2077 Ack=121 Win=65416 Len=346 [TCP segment of a reassembled PDU];;;;;;;;;;;;;;;;;
529; 362,156,639 ;58,251,106,185;192,168,100,56;TCP;74;443  >  52442 [PSH, ACK] Seq=121 Ack=2423 Win=21504 Len=20 [TCP segment of a reassembled PDU];;;;;;;;;;;;;;;;;
530; 362,196,970 ;192,168,100,56;58,251,106,185;TCP;54;52442  >  443 [ACK] Seq=2423 Ack=141 Win=65396 Len=0;;;;;;;;;;;;;;;;;
531; 363,079,359 ;58,251,106,185;192,168,100,56;TCP;74;[TCP Spurious Retransmission] 443  >  52442 [PSH, ACK] Seq=121 Ack=2423 Win=21504 Len=20 [TCP segment of a reassembled PDU];;;;;;;;;;;;;;;;;
532; 363,079,385 ;192,168,100,56;58,251,106,185;TCP;66;[TCP Dup ACK 530#1] 52442  >  443 [ACK] Seq=2423 Ack=141 Win=65396 Len=0 SLE=121 SRE=141;;;;;;;;;;;;;;;;;
533; 363,358,070 ;192,168,100,56;58,251,106,185;TCP;54;52442  >  443 [FIN, ACK] Seq=2423 Ack=141 Win=65396 Len=0;;;;;;;;;;;;;;;;;
534; 363,792,513 ;58,251,106,185;192,168,100,56;TCP;54;443  >  52442 [FIN, ACK] Seq=141 Ack=2424 Win=21504 Len=0;;;;;;;;;;;;;;;;;
535; 363,792,558 ;192,168,100,56;58,251,106,185;TCP;54;52442  >  443 [ACK] Seq=2424 Ack=142 Win=65396 Len=0;;;;;;;;;;;;;;;;;
536; 364,559,502 ;192,168,100,56;58,251,106,185;TCP;66;52453  >  443 [SYN] Seq=0 Win=65535 Len=0 MSS=1460 WS=2 SACK_PERM=1;;;;;;;;;;;;;;;;;
537; 365,559,817 ;192,168,100,56;58,251,106,185;TCP;66;[TCP Retransmission] 52453  >  443 [SYN] Seq=0 Win=65535 Len=0 MSS=1460 WS=2 SACK_PERM=1;;;;;;;;;;;;;;;;;
538; 367,560,507 ;192,168,100,56;58,251,106,185;TCP;66;[TCP Retransmission] 52453  >  443 [SYN] Seq=0 Win=65535 Len=0 MSS=1460 WS=2 SACK_PERM=1;;;;;;;;;;;;;;;;;
540; 367,990,042 ;58,251,106,185;192,168,100,56;TCP;66;443  >  52453 [SYN, ACK] Seq=0 Ack=1 Win=13600 Len=0 MSS=1360 SACK_PERM=1 WS=1024;;;;;;;;;;;;;;;;;
541; 367,990,153 ;192,168,100,56;58,251,106,185;TCP;54;52453  >  443 [ACK] Seq=1 Ack=1 Win=65536 Len=0;;;;;;;;;;;;;;;;;
542; 367,990,261 ;192,168,100,56;58,251,106,185;TCP;392;52453  >  443 [PSH, ACK] Seq=1 Ack=1 Win=65536 Len=338 [TCP segment of a reassembled PDU];;;;;;;;;;;;;;;;;
544; 368,785,453 ;192,168,100,56;58,251,106,185;TCP;392;[TCP Retransmission] 52453  >  443 [PSH, ACK] Seq=1 Ack=1 Win=65536 Len=338;;;;;;;;;;;;;;;;;
545; 369,219,003 ;58,251,106,185;192,168,100,56;TCP;66;[TCP Previous segment not captured] 443  >  52453 [ACK] Seq=21 Ack=339 Win=15360 Len=0 SLE=1 SRE=339;;;;;;;;;;;;;;;;;
546; 370,144,261 ;58,251,106,185;192,168,100,56;TCP;74;[TCP Retransmission] 443  >  52453 [PSH, ACK] Seq=1 Ack=339 Win=15360 Len=20;;;;;;;;;;;;;;;;;
547; 370,183,498 ;192,168,100,56;58,251,106,185;TCP;54;52453  >  443 [ACK] Seq=339 Ack=21 Win=65516 Len=0;;;;;;;;;;;;;;;;;
548; 371,346,794 ;192,168,100,56;58,251,106,185;TCP;54;52453  >  443 [FIN, ACK] Seq=339 Ack=21 Win=65516 Len=0;;;;;;;;;;;;;;;;;
549; 372,578,902 ;192,168,100,56;58,251,106,185;TCP;54;[TCP Retransmission] 52453  >  443 [FIN, ACK] Seq=339 Ack=21 Win=65516 Len=0;;;;;;;;;;;;;;;;;
550; 373,024,498 ;58,251,106,185;192,168,100,56;TCP;54;443  >  52453 [FIN, ACK] Seq=21 Ack=340 Win=15360 Len=0;;;;;;;;;;;;;;;;;
551; 373,024,546 ;192,168,100,56;58,251,106,185;TCP;54;52453  >  443 [ACK] Seq=340 Ack=22 Win=65516 Len=0;;;;;;;;;;;;;;;;;
567; 402,206,669 ;192,168,100,56;203,205,219,54;TCP;55;[TCP Keep-Alive] 52427  >  80 [ACK] Seq=1645 Ack=210 Win=64032 Len=1[Reassembly error, protocol TCP: New fragment overlaps old data (retransmission?)];;;;;;;;;;;;;;;;;
568; 402,218,200 ;203,205,219,54;192,168,100,56;TCP;54;[TCP Keep-Alive ACK] 80  >  52427 [ACK] Seq=210 Ack=1646 Win=5881 Len=0;;;;;;;;;;;;;;;;;
600; 447,218,193 ;192,168,100,56;203,205,219,54;TCP;55;[TCP Keep-Alive] 52427  >  80 [ACK] Seq=1645 Ack=210 Win=64032 Len=1[Reassembly error, protocol TCP: New fragment overlaps old data (retransmission?)];;;;;;;;;;;;;;;;;
601; 447,253,665 ;203,205,219,54;192,168,100,56;TCP;54;[TCP Keep-Alive ACK] 80  >  52427 [ACK] Seq=210 Ack=1646 Win=5881 Len=0;;;;;;;;;;;;;;;;;
608; 492,254,219 ;192,168,100,56;203,205,219,54;TCP;55;[TCP Keep-Alive] 52427  >  80 [ACK] Seq=1645 Ack=210 Win=64032 Len=1[Reassembly error, protocol TCP: New fragment overlaps old data (retransmission?)];;;;;;;;;;;;;;;;;
609; 492,404,774 ;203,205,219,54;192,168,100,56;TCP;54;[TCP Keep-Alive ACK] 80  >  52427 [ACK] Seq=210 Ack=1646 Win=5881 Len=0;;;;;;;;;;;;;;;;;
628; 537,404,736 ;192,168,100,56;203,205,219,54;TCP;55;[TCP Keep-Alive] 52427  >  80 [ACK] Seq=1645 Ack=210 Win=64032 Len=1[Reassembly error, protocol TCP: New fragment overlaps old data (retransmission?)];;;;;;;;;;;;;;;;;
629; 537,428,089 ;203,205,219,54;192,168,100,56;TCP;54;[TCP Keep-Alive ACK] 80  >  52427 [ACK] Seq=210 Ack=1646 Win=5881 Len=0;;;;;;;;;;;;;;;;;
655; 582,428,177 ;192,168,100,56;203,205,219,54;TCP;55;[TCP Keep-Alive] 52427  >  80 [ACK] Seq=1645 Ack=210 Win=64032 Len=1[Reassembly error, protocol TCP: New fragment overlaps old data (retransmission?)];;;;;;;;;;;;;;;;;
656; 582,439,914 ;203,205,219,54;192,168,100,56;TCP;54;[TCP Keep-Alive ACK] 80  >  52427 [ACK] Seq=210 Ack=1646 Win=5881 Len=0;;;;;;;;;;;;;;;;;
670; 627,439,709 ;192,168,100,56;203,205,219,54;TCP;55;[TCP Keep-Alive] 52427  >  80 [ACK] Seq=1645 Ack=210 Win=64032 Len=1[Reassembly error, protocol TCP: New fragment overlaps old data (retransmission?)];;;;;;;;;;;;;;;;;
671; 627,486,727 ;203,205,219,54;192,168,100,56;TCP;54;[TCP Keep-Alive ACK] 80  >  52427 [ACK] Seq=210 Ack=1646 Win=5881 Len=0;;;;;;;;;;;;;;;;;
686; 632,667,488 ;192,168,100,56;35,186,224,25;TCP;66;52454  >  443 [SYN] Seq=0 Win=64240 Len=0 MSS=1460 WS=256 SACK_PERM=1;;;;;;;;;;;;;;;;;
687; 632,695,080 ;35,186,224,25;192,168,100,56;TCP;66;443  >  52454 [SYN, ACK] Seq=0 Ack=1 Win=65535 Len=0 MSS=1412 SACK_PERM=1 WS=256;;;;;;;;;;;;;;;;;
688; 632,695,165 ;192,168,100,56;35,186,224,25;TCP;54;52454  >  443 [ACK] Seq=1 Ack=1 Win=131072 Len=0;;;;;;;;;;;;;;;;;
689; 632,695,488 ;192,168,100,56;35,186,224,25;TLSv1,2;238;Client Hello;;;;;;;;;;;;;;;;;
690; 632,723,228 ;35,186,224,25;192,168,100,56;TCP;54;443  >  52454 [ACK] Seq=1 Ack=185 Win=66816 Len=0;;;;;;;;;;;;;;;;;
691; 632,724,578 ;35,186,224,25;192,168,100,56;TLSv1,2;1466;Server Hello;;;;;;;;;;;;;;;;;
692; 632,724,578 ;35,186,224,25;192,168,100,56;TCP;1466;443  >  52454 [ACK] Seq=1413 Ack=185 Win=66816 Len=1412 [TCP segment of a reassembled PDU];;;;;;;;;;;;;;;;;
693; 632,724,622 ;192,168,100,56;35,186,224,25;TCP;54;52454  >  443 [ACK] Seq=185 Ack=2825 Win=131072 Len=0;;;;;;;;;;;;;;;;;
694; 632,724,716 ;35,186,224,25;192,168,100,56;TLSv1,2;372;Certificate, Server Key Exchange, Server Hello Done;;;;;;;;;;;;;;;;;
695; 632,726,423 ;192,168,100,56;35,186,224,25;TLSv1,2;147;Client Key Exchange, Change Cipher Spec, Encrypted Handshake Message;;;;;;;;;;;;;;;;;
696; 632,754,413 ;35,186,224,25;192,168,100,56;TLSv1,2;346;New Session Ticket, Change Cipher Spec, Encrypted Handshake Message;;;;;;;;;;;;;;;;;
697; 632,755,511 ;192,168,100,56;35,186,224,25;TLSv1,2;229;Application Data;;;;;;;;;;;;;;;;;
699; 632,789,271 ;35,186,224,25;192,168,100,56;TCP;56;443  >  52454 [ACK] Seq=3435 Ack=453 Win=67840 Len=0;;;;;;;;;;;;;;;;;
700; 632,894,678 ;35,186,224,25;192,168,100,56;TLSv1,2;1466;Application Data;;;;;;;;;;;;;;;;;
701; 632,894,678 ;35,186,224,25;192,168,100,56;TLSv1,2;505;Application Data;;;;;;;;;;;;;;;;;
702; 632,894,735 ;192,168,100,56;35,186,224,25;TCP;54;52454  >  443 [ACK] Seq=453 Ack=5298 Win=131072 Len=0;;;;;;;;;;;;;;;;;
703; 632,896,645 ;35,186,224,25;192,168,100,56;TLSv1,2;505;[TCP Spurious Retransmission] , Application Data;;;;;;;;;;;;;;;;;
704; 632,896,670 ;192,168,100,56;35,186,224,25;TCP;66;[TCP Dup ACK 702#1] 52454  >  443 [ACK] Seq=453 Ack=5298 Win=131072 Len=0 SLE=4847 SRE=5298;;;;;;;;;;;;;;;;;
708; 653,901,645 ;192,168,100,56;203,205,239,243;TCP;66;52455  >  80 [SYN] Seq=0 Win=65535 Len=0 MSS=1460 WS=2 SACK_PERM=1;;;;;;;;;;;;;;;;;
709; 653,916,160 ;203,205,239,243;192,168,100,56;TCP;62;80  >  52455 [SYN, ACK] Seq=0 Ack=1 Win=4236 Len=0 MSS=1412 SACK_PERM=1;;;;;;;;;;;;;;;;;
710; 653,916,224 ;192,168,100,56;203,205,239,243;TCP;54;52455  >  80 [ACK] Seq=1 Ack=1 Win=65535 Len=0;;;;;;;;;;;;;;;;;
711; 654,030,752 ;192,168,100,56;58,251,106,185;TCP;66;52456  >  443 [SYN] Seq=0 Win=65535 Len=0 MSS=1460 WS=2 SACK_PERM=1;;;;;;;;;;;;;;;;;
716; 654,127,175 ;192,168,100,56;203,205,235,218;TCP;66;52457  >  8081 [SYN] Seq=0 Win=65535 Len=0 MSS=1460 WS=2 SACK_PERM=1;;;;;;;;;;;;;;;;;
717; 654,127,175 ;192,168,100,56;203,205,235,218;TCP;66;52458  >  8081 [SYN] Seq=0 Win=65535 Len=0 MSS=1460 WS=2 SACK_PERM=1;;;;;;;;;;;;;;;;;
718; 654,222,769 ;203,205,235,218;192,168,100,56;TCP;66;8081  >  52457 [SYN, ACK] Seq=0 Ack=1 Win=13600 Len=0 MSS=1360 SACK_PERM=1 WS=1024;;;;;;;;;;;;;;;;;
719; 654,222,769 ;203,205,235,218;192,168,100,56;TCP;66;8081  >  52458 [SYN, ACK] Seq=0 Ack=1 Win=13600 Len=0 MSS=1360 SACK_PERM=1 WS=1024;;;;;;;;;;;;;;;;;
720; 654,222,849 ;192,168,100,56;203,205,235,218;TCP;54;52457  >  8081 [ACK] Seq=1 Ack=1 Win=65536 Len=0;;;;;;;;;;;;;;;;;
721; 654,222,915 ;192,168,100,56;203,205,235,218;TCP;1025;52457  >  8081 [PSH, ACK] Seq=1 Ack=1 Win=65536 Len=971;;;;;;;;;;;;;;;;;
722; 654,222,918 ;192,168,100,56;203,205,235,218;TCP;1041;52458  >  8081 [PSH, ACK] Seq=1 Ack=1 Win=65536 Len=987;;;;;;;;;;;;;;;;;
723; 654,222,948 ;192,168,100,56;203,205,235,218;TCP;54;52458  >  8081 [FIN, ACK] Seq=988 Ack=1 Win=65536 Len=0;;;;;;;;;;;;;;;;;
724; 654,222,963 ;192,168,100,56;203,205,235,218;TCP;54;52457  >  8081 [FIN, ACK] Seq=972 Ack=1 Win=65536 Len=0;;;;;;;;;;;;;;;;;
725; 654,327,755 ;203,205,235,218;192,168,100,56;TCP;54;8081  >  52457 [ACK] Seq=1 Ack=972 Win=16384 Len=0;;;;;;;;;;;;;;;;;
726; 654,327,755 ;203,205,235,218;192,168,100,56;TCP;54;8081  >  52457 [FIN, ACK] Seq=1 Ack=973 Win=16384 Len=0;;;;;;;;;;;;;;;;;
727; 654,327,755 ;203,205,235,218;192,168,100,56;TCP;54;8081  >  52458 [ACK] Seq=1 Ack=988 Win=16384 Len=0;;;;;;;;;;;;;;;;;
728; 654,327,755 ;203,205,235,218;192,168,100,56;TCP;276;8081  >  52458 [PSH, ACK] Seq=1 Ack=989 Win=16384 Len=222;;;;;;;;;;;;;;;;;
729; 654,327,755 ;203,205,235,218;192,168,100,56;TCP;54;8081  >  52458 [FIN, ACK] Seq=223 Ack=989 Win=16384 Len=0;;;;;;;;;;;;;;;;;
730; 654,327,811 ;192,168,100,56;203,205,235,218;TCP;54;52457  >  8081 [ACK] Seq=973 Ack=2 Win=65536 Len=0;;;;;;;;;;;;;;;;;
731; 654,327,890 ;192,168,100,56;203,205,235,218;TCP;54;52458  >  8081 [ACK] Seq=989 Ack=224 Win=65314 Len=0;;;;;;;;;;;;;;;;;
732; 654,720,260 ;192,168,100,56;203,205,239,243;HTTP;608;POST /q,cgi HTTP/1,1 ;;;;;;;;;;;;;;;;;
733; 654,740,279 ;203,205,239,243;192,168,100,56;TCP;54;80  >  52455 [ACK] Seq=1 Ack=555 Win=4790 Len=0;;;;;;;;;;;;;;;;;
734; 654,944,198 ;203,205,239,243;192,168,100,56;HTTP;344;HTTP/1,1 200 OK ;;;;;;;;;;;;;;;;;
735; 654,980,169 ;192,168,100,56;203,205,235,218;TCP;66;52459  >  8081 [SYN] Seq=0 Win=65535 Len=0 MSS=1460 WS=2 SACK_PERM=1;;;;;;;;;;;;;;;;;
736; 654,984,259 ;192,168,100,56;203,205,239,243;TCP;54;52455  >  80 [ACK] Seq=555 Ack=291 Win=65246 Len=0;;;;;;;;;;;;;;;;;
737; 655,032,029 ;192,168,100,56;58,251,106,185;TCP;66;[TCP Retransmission] 52456  >  443 [SYN] Seq=0 Win=65535 Len=0 MSS=1460 WS=2 SACK_PERM=1;;;;;;;;;;;;;;;;;
738; 655,054,802 ;203,205,235,218;192,168,100,56;TCP;66;8081  >  52459 [SYN, ACK] Seq=0 Ack=1 Win=13600 Len=0 MSS=1360 SACK_PERM=1 WS=1024;;;;;;;;;;;;;;;;;
739; 655,054,867 ;192,168,100,56;203,205,235,218;TCP;54;52459  >  8081 [ACK] Seq=1 Ack=1 Win=65536 Len=0;;;;;;;;;;;;;;;;;
740; 655,054,945 ;192,168,100,56;203,205,235,218;TCP;1089;52459  >  8081 [PSH, ACK] Seq=1 Ack=1 Win=65536 Len=1035;;;;;;;;;;;;;;;;;
741; 655,054,993 ;192,168,100,56;203,205,235,218;TCP;54;52459  >  8081 [FIN, ACK] Seq=1036 Ack=1 Win=65536 Len=0;;;;;;;;;;;;;;;;;
742; 655,151,891 ;203,205,235,218;192,168,100,56;TCP;54;8081  >  52459 [ACK] Seq=1 Ack=1036 Win=16384 Len=0;;;;;;;;;;;;;;;;;
743; 655,151,891 ;203,205,235,218;192,168,100,56;TCP;54;8081  >  52459 [FIN, ACK] Seq=1 Ack=1037 Win=16384 Len=0;;;;;;;;;;;;;;;;;
744; 655,151,941 ;192,168,100,56;203,205,235,218;TCP;54;52459  >  8081 [ACK] Seq=1037 Ack=2 Win=65536 Len=0;;;;;;;;;;;;;;;;;
747; 655,457,831 ;58,251,106,185;192,168,100,56;TCP;66;443  >  52456 [SYN, ACK] Seq=0 Ack=1 Win=13600 Len=0 MSS=1360 SACK_PERM=1 WS=1024;;;;;;;;;;;;;;;;;
748; 655,457,897 ;192,168,100,56;58,251,106,185;TCP;54;52456  >  443 [ACK] Seq=1 Ack=1 Win=65536 Len=0;;;;;;;;;;;;;;;;;
749; 655,458,178 ;192,168,100,56;58,251,106,185;TCP;352;52456  >  443 [PSH, ACK] Seq=1 Ack=1 Win=65536 Len=298 [TCP segment of a reassembled PDU];;;;;;;;;;;;;;;;;
750; 655,956,278 ;192,168,100,56;203,205,239,243;TCP;54;52455  >  80 [FIN, ACK] Seq=555 Ack=291 Win=65246 Len=0;;;;;;;;;;;;;;;;;
751; 655,976,267 ;58,251,106,185;192,168,100,56;TCP;54;443  >  52456 [ACK] Seq=1 Ack=299 Win=15360 Len=0;;;;;;;;;;;;;;;;;
752; 655,976,267 ;58,251,106,185;192,168,100,56;TCP;74;443  >  52456 [PSH, ACK] Seq=1 Ack=299 Win=15360 Len=20 [TCP segment of a reassembled PDU];;;;;;;;;;;;;;;;;
753; 655,976,267 ;203,205,239,243;192,168,100,56;TCP;56;80  >  52455 [ACK] Seq=291 Ack=556 Win=4790 Len=0;;;;;;;;;;;;;;;;;
754; 655,976,402 ;192,168,100,56;58,251,106,185;TCP;392;52456  >  443 [PSH, ACK] Seq=299 Ack=21 Win=65516 Len=338 [TCP segment of a reassembled PDU];;;;;;;;;;;;;;;;;
755; 656,141,808 ;203,205,239,243;192,168,100,56;TCP;54;80  >  52455 [FIN, ACK] Seq=291 Ack=556 Win=4790 Len=0;;;;;;;;;;;;;;;;;
756; 656,141,853 ;192,168,100,56;203,205,239,243;TCP;54;52455  >  80 [ACK] Seq=556 Ack=292 Win=65246 Len=0;;;;;;;;;;;;;;;;;
757; 656,352,463 ;58,251,106,185;192,168,100,56;TCP;74;443  >  52456 [PSH, ACK] Seq=21 Ack=637 Win=16384 Len=20 [TCP segment of a reassembled PDU];;;;;;;;;;;;;;;;;
758; 656,352,625 ;192,168,100,56;58,251,106,185;TCP;400;52456  >  443 [PSH, ACK] Seq=637 Ack=41 Win=65496 Len=346 [TCP segment of a reassembled PDU];;;;;;;;;;;;;;;;;
759; 656,857,191 ;58,251,106,185;192,168,100,56;TCP;74;443  >  52456 [PSH, ACK] Seq=41 Ack=983 Win=17408 Len=20 [TCP segment of a reassembled PDU];;;;;;;;;;;;;;;;;
760; 656,897,525 ;192,168,100,56;58,251,106,185;TCP;54;52456  >  443 [ACK] Seq=983 Ack=61 Win=65476 Len=0;;;;;;;;;;;;;;;;;
761; 657,580,472 ;58,251,106,185;192,168,100,56;TCP;74;[TCP Spurious Retransmission] 443  >  52456 [PSH, ACK] Seq=41 Ack=983 Win=17408 Len=20 [TCP segment of a reassembled PDU];;;;;;;;;;;;;;;;;
762; 657,580,500 ;192,168,100,56;58,251,106,185;TCP;66;[TCP Dup ACK 760#1] 52456  >  443 [ACK] Seq=983 Ack=61 Win=65476 Len=0 SLE=41 SRE=61;;;;;;;;;;;;;;;;;
763; 658,059,396 ;192,168,100,56;58,251,106,185;TCP;54;52456  >  443 [FIN, ACK] Seq=983 Ack=61 Win=65476 Len=0;;;;;;;;;;;;;;;;;
764; 658,493,773 ;58,251,106,185;192,168,100,56;TCP;54;443  >  52456 [FIN, ACK] Seq=61 Ack=984 Win=17408 Len=0;;;;;;;;;;;;;;;;;
765; 658,493,819 ;192,168,100,56;58,251,106,185;TCP;54;52456  >  443 [ACK] Seq=984 Ack=62 Win=65476 Len=0;;;;;;;;;;;;;;;;;
769; 672,487,077 ;192,168,100,56;203,205,219,54;TCP;55;[TCP Keep-Alive] 52427  >  80 [ACK] Seq=1645 Ack=210 Win=64032 Len=1[Reassembly error, protocol TCP: New fragment overlaps old data (retransmission?)];;;;;;;;;;;;;;;;;
770; 672,525,318 ;203,205,219,54;192,168,100,56;TCP;54;[TCP Keep-Alive ACK] 80  >  52427 [ACK] Seq=210 Ack=1646 Win=5881 Len=0;;;;;;;;;;;;;;;;;
